印刷整套流程,"客户有明确需求后的操作流程：

1.要求对方发送本次印刷的文件及相关规格参数和问客户要样本
印刷报价涉及规格参数多，销售人员无法当场给客户计算报价，需要拿到样本或所有规格参数后，由专门的人员计算后再给出报价。

2.规格参数：
1）页数：多少页数都可印刷
注意：骑马钉的P数一定要是4的倍数。（如果客户提供的原稿是18页，可以建议加上2页空白页（例如，加在A3和A4作为2个空白的内页）变成20页，或者删除2页变成16页）
2）封面纸张多为250g， 200g
  单片纸张多为：300g，250g，200g， 157g
  内页纸张多为：157g，128g，105g，128g，80g，70g，其中70g和80g的纸张多用于笔记本内页或页数较多册子的内页
  若不确定该用怎样的纸，请客户提供样本后交由资深销售确认
最常用哑粉纸和铜版纸，另外也有双胶纸和无碳复写纸
   - 铜版纸更亮更光滑，哑粉纸和铜版纸两者价格一样
   - 双胶纸多用于笔记本内页
   - 无碳复写纸多用于三联单等
3) 装订：骑马钉、折页、胶装（无线/穿线）、封套
4) 尺寸规格：
210*297mm（即A4，国外用的多）
210*285mm（国内尺寸，比A4略短）
210*280mm（用得较少）
5) 颜色规格：
双面彩色：4C/4C
双面黑白：1C/1C
单面彩色：4C/0C
一面彩色一面黑白：4C /1C
6) 后道（覆膜、装订方式等）：
覆膜：光膜，哑膜
过油（印油）：光油、哑油
其他后道：局部UV，模切
7) 份数：100份也可以印，但单价会偏高，因为量越大摊到单本的单价越低，印量大性价比高

3.规格参数清晰后，系统登记采购需求由专人核算价格后得到印刷品报价

4. 跟盯客户并达成合同签单
1)  价格贵：
- 了解客户觉得贵的原因
- 之前是否有供应商？这次供应商有几家？了解客户其他供应商的价格，看一下我们是否有利可图，若有利润，则争取签单
2）客户要求先打样
- 可根据客户所印样本的参数提供我们类似印刷的样本，打消客户疑虑
3） 先设计2p
-签订合同后，设计整本样本前就是先设计1-2页，确认好风格以后再继续的
4）客户要求看厂
-   介绍优势，并给客户看大量的我们已印的样本
5）客户要进供应商系统
-  请客户提供进供应商系统的表格填写
6） 客户问完成时间：
印刷完成的时间取决于印刷要求,以及双方印前校对花费的时间,问客户期望完成的时间

5.ERP中输入合同，符合要求后将合同审核同意

6.安排生产部制版，下达准确清晰的要求

7.完成后先给客户PDF文件确认

8.客户确认后安排数码打样

9.与客户确认打样稿，收到客户签字确认的打样稿后，安排印刷大货，写清客户要求的交货时间

10.大货完成送至公司

11.销售验货

12.销售联系客户发货时间

13.客户户当场签收

14.开票付款"
笔译整套流程,"1.要求对方发送需翻译的文件给我们报价,问清客户翻译的特殊要求,以及要求达到的质量
2.了解过去情况
3.查系统合作历史：单价等
4.探价：首次合作需口头了解是否有供应商，单价，否则永远有人比你价格低
5.报价：不仅报价，还需同时给合作历史、案例、优势，控制期望值（千万不能仅仅报价），建议先口头报价，再基本确认后再正式报价
6.安排订单:下单5大要素要写清,若客户有提供参考稿需上传并写明具体参考哪些方面
7.如何查看订单的进行情况，发现问题
8.交货时：出稿检查看什么？特别是新客户，本人要关注什么
9.试翻的稿件：本人、带教、叶总是否都看过，销助是否确认整个流程
10.出稿后及时跟进：问什么，答应什么
11.收款：预付款，尾款
12.计较的客户大稿子分批出
13.内部退改,外部投诉的流程"
同传整套流程,"1.关于本次需求：
会议时间、会议时长、线上/线下、多少人、场合、地点、会议主题什么专业（医药）、语种

2.纯线上会议，软件区别和用途
Teams
Zoom
是否有直播

3.纯线下或线上+线下会议
设备是谁提供，标配？
现场网络如何保证，有哪些选项
什么时候用声卡、什么时候用扩展器

2.关于本次场地
会议室、展馆、酒店，现场电源，
大场地：什么场地必需保证收音质量
场地的走线
什么情况增加辐射板
辐射板的支架多高，放支架还是吊起来，分别有哪些问题

3.以前情况：
以前用过么，以前如何解决，供应商情况、谁决策、人员谁提供

4.彩排
什么时候进场
彩排怎么配合
与各供应商之间的协调

5.口译人选
是否可以面试？电话面试
给别人的简历一般几页，提供几个人
相关行业经验（医药）

7.效果
翻译间放在哪个位置好，能看到屏幕还是看不到
翻译间有几种规格，常规用哪种，收费的区别
会议中间效果不好怎么办
彩排和实际会议时有偏差什么原因
何时与客户确认效果

8.耳机收发
耳机有几种，目前经常用的耳机
耳机遗失收费
如何保证耳机不遗失
人多时耳机的发放和收取，收取时是否有人协助或自己收
客户需增加耳机数量怎么办
预先提醒是否需备用耳机，收费

9.推其他配套服务
整个会议现场音响谁提供、屏幕搭建、灯光搭建、展板展架、活动几天、速记（英文速记）、摄像、摄影

10.给案例、给专业知识"
我们公司和哪些领事馆合作？,还有美国、加拿大、英国等国驻沪的领事馆和商会
公司何时成立的,我们公司是1997年成立的
用一句话介绍下公司的主营业务,主要是为外资企业提供资料翻译和样本印刷、同传、多媒体译制、网站汉化、商务礼品、展台搭建等服务
用一句话介绍我们第一,我们目前是上海规模最大、市场份额第一的本地化公司
介绍我们做过的客户和可提供的业务,"1）大多数客户是500强外企，并且与我们长期稳定合作，像3M、拜耳、阿尔斯通、住友等，很多公司和我们合作20余年了
2）最初我们是从翻译开始与各大外企的市场部开展合作，逐步扩大到印刷、视频译制，还有很多高端会议的交传、同传口译服务等，合作的业务越来越多"
用一句介绍我们的质量和速度,客户选择我们，就是因为我们能在质量上满足他们的要求，另外交稿速度也非常快
用一句话介绍技术资料的翻译是我们最擅长的,其实我们公司最擅长的领域包括各种技术资料的翻译，主要由于我们源自百年历史的上海交通大学，技术类资料的翻译是我们的独特优势
用一句话介绍我们的ERP系统,"1）04年开始我们公司就自主研发并上线了ERP管理系统，20年多来，技术层面始终是行业里是先进的
2）现在系统里已经累积了包含几十亿条句对的句库资源和300+万条以上的专业术语"
用一句话介绍我们的译员团队,我们有非常强的译员团队，尤其是贵公司所在的这个行业，我们的译员团队是非常专业的
介绍下公司的精细化管理,我们的ERP系统，帮助我们实现全流程的精细化品质管理
用一句话介绍我们公司的管理层,"我们的高层管理都是交大毕业的，博士和留美MBA专业人士，共有专职员工100多名,其中30名是资深专业翻译人员。在公司规模、管理经验、质量控制体系上都是行业内领先的"
介绍下公司的办公地点,"办公地点位于徐家汇核心商圈的5A涉外商务楼。欢迎您随时来我们公司参观,可以直接感受一下我们与其他同类公司的不同之处。我们的电话是54896060"
我们合作的5星酒店有哪些？,我们与金茂君悦、香格里拉等众多四五星级酒店都有长期合作关系
提出面访，为下句介绍做铺垫,"<推其他业务>我们合作很多年了，之前一直是<翻译/**>业务偏多，但我们一直还有<口译/**>业务,这方面你在日常工作中会遇到吗?"
介绍第一、全业务、和客户的同行的案例介绍，问有需求的部门,"我们公司成立快三十年了，目前也是华东地区市场规模第一的综合性翻译印刷服务一体化公司，我也是刚接手你们公司嘛，也很想再跟你们再建立合作
我们和<客户所在行业>的<竞品公司名>的<产品>都是我们为他们提供服务的，我也很好奇怎么和你们这边就没有合作了，你在<客户公司名>也很多年了（**行业）资历很深了，帮忙推荐看看是哪个部门/产品线有可能有翻译、印刷、同传口译的需求呢"
问印刷、展会的负责同事,"那你们的市场宣传平时会以什么形式为主呢?
像我们很多外企客户,如果参加展会的话,展台搭建,印刷,小礼品,易拉宝这些物料也是我们很擅长的.还有些客户会走数字渠道,我们也可以提供设计,制版这类的工作,做好的产品册客户可以放在网上给人家下载,或是通过邮件进行宣传
这块是哪位同事在负责？"
客户拒绝后再次提问是哪位负责的,"您在**公司那么多年了，资深老员工了，你一定知道的，帮帮忙告诉下是哪位负责的，您放心我不会透露是您说的
<以反问的形式>是***吗?"
介绍公司合作历史，报合作过的部门和人，挖现在负责的部门和人,"报系统中业绩排名前5的部门、联系人+系统中合作过的案例+问现在有需求的部门、负责人
之前和您公司XX部、YY部、ZZ部我们也合作很多的，做过XX、XX、XX这些服务，以前是市场部XX和我们对接的，还是他负责吗？还是其他同事负责？"
确认电话沟通的联系人的邮箱，提出推荐请求,另外想问下，你邮箱还是之前的这个吗？我给您发一个邮件做个备份，如果今后有同事，尤其是些新同事，我看系统里新同事好像比较多，如果有问起来，麻烦您也可以帮我们做个推荐吧。因为你比较资深，我想他们很可能会经常问到您这里。好的，那我给您发个邮件过去，如果有同事问到的话，可以帮忙转发下，包括微信推起来也是比较方便的，你看可以吧？
束语感谢,"1）您的手机号是您微信号吗，我用企业微信发个邀请给您，您可以通过一下，以后万一需要时可以找到我们
2）您的邮箱还是……，我可以将公司最新的资料发给您，您有时间可以看一下，如果同事或朋友有需要的话，拜托也帮忙推荐一下，谢谢啦"
嗯（推本人全业务）,"公式：专为外企提供服务20多年+外企公司名+翻译、印刷、同传口译、视频配字幕

话术示例：很多外企我们合作了20多年了，比如德国的巴斯夫、科思创、美国的3M公司我看到我们好像之前合作的翻译比较多，其实我们公司除了专业提供翻译，像样本的印刷，视频资料的听写翻译配音配字幕，我们都做的非常多的"
嗯（推本人同传业务）,"公式：外企公司名+使用场合+数据（服务多少次/参加人数）

话术示例：很多外企都会开Town hall（员工大会）都会用到同传服务，我们不仅可以提供同传服务也提供同传设备，我们连续为BD的员工大会提供同传服务5年了，最多一次有4000人参加 "
嗯（推本人印刷业务）,"公式：外企公司名+应用背景+册数/种类

话术示例：很多外企，像东芝三菱、英威达的莱卡、欧莱雅、3M他们公司在展会上使用的样本也都是我们印刷的，我们为英国斯派莎克印刷了超50万册的资料，包括笔记本、产品样本、手册"
嗯（推本人视频业务）,"公式：公司名+应用背景+视频时长/种类

话术示例：每年为3M公司的大量新产品推广视频提供听写、翻译和配字幕服务，涵盖产品宣传、使用说明及维护保养等内容。从几分钟的短视频到数百分钟的讲座视频"
客户推荐后表示感谢,我们现在也推出了对公的企业微信，我能方便加一个吗？因为我们上面会定期推送一些最近做的比较热门的案例，你也可以做个了解，备份一下，万一今后你有项目有涉及这一块，也可以联系我们吧。
客户表示已经离职，确认是否还在原来行业,您还在这个行业吗？ 
客户已离职，还在原来行业，问新公司是哪家,您在这个行业也是老资历了，也非常感谢您的关照，我们现在是上海规模最大的一体化公司，除了以前跟你合作的笔译，我们还能提供同传口译、设计、印刷和视频配音配字幕服务，这些我们都做的非常棒的，您们<客户所在行业>的<竞品公司名>我们都是长期供应商，您现在在哪家公司高就？说不定我们也在合作的
客户已离职，不在原行业，问现在行业和公司名是哪家,您在哪个行业啊？我们做的行业也非常多，金融、机械、建筑、法律的很多外企都是我们长期客户，说不定我们和你现在的公司也正在合作，您在哪家公司高就呢?
电话号码换联系人，问部门、人名，要联系方式,你怎么称呼呢？我们和原来的**一直有合作的，你现在还是**部门吗？介绍全业务，要邮箱，加微信
联系人已退休，问他们在职时的采购/市场负责人,恭喜呀！可以好好放松了！非常感谢您之前关照我们，本来还想下周来拜访您的，还蛮遗憾的，今天有缘正好联系到您，我也是刚接手我们公司，想着能跟你老东家有更多合作，跟您打听下你们**市场/采购是哪位在负责呢？
已有供应商,这个很正常的。因为如果涉及到这一块，肯定也一直有自己合作的供应商的。那我其实接触过很多的外资企业，他们基本上也会选择，比如说2到3家这样同时去用，也是按照擅长不同来做区分的。那我也是想作为一家新的供应商，看看机会。你也可以比较一下。
客户说有需要会再联系我们,一般来说你们什么情况下会有这方面的需求呢？马上年底了，我们很多客户会有笔记本台历，年会这方面的安排，这里面我们也可以做很多工作的，你们有类似的需要吗？
近2个月没有这方面的需求,最近半年有做过翻译吗？哪个部门做的最多？关于什么方面的？现在采购流程是怎样的？是一定要通过你们还是部门内自己决定的
陌生联系人给什么,报公司画像上显示的客户公司竞品公司的的产品线、报和这个公司合作过的部门名称
那个部门我也不清楚，你找原来的部门负责人,我看你在公司好多年了，肯定比我们要熟多了，现在我刚接手贵公司，我们以前有好多合作的，我发现现在你们有好多人都已经离职了，能帮忙帮我看看我们以前合作最多的A、B、C3个部门，您帮忙看看我现在翻译或印刷方面的需求，找哪个部门的哪位同事最合适？
我还是不清楚,"一般你们现在市场部是谁？他们一定有需求的
负责这块的采购是哪位？他们一定会用到的"
这件事你可以找谁,"非常感谢您的推荐，你们现在人员变动蛮大的，人真的很难找，非常感谢您
据您所知，我们这块业务她主要负责什么方面？什么场合下你们会用到翻译或者印刷？
冒昧问一下，量大概有多少？多久会有一次？
您帮忙查下直线电话是多少？你们总机很难打通的，或者她分机是多少？
您能查到她的邮箱是多少吗？我先给他发个邮件，这样不会太冒昧"
需要确认KP的基本信息,"1.问清男/女，部门名、中文名、英文名、联系电话
2.需求情况"
一旦客户有问到具体的业务,"1. 先问将来（未来6个月内）：这块我们做的很多的呀，据您所知大概什么时候会有这方面的需求呢？量大概是多少？冒昧问下，这件事是您负责吗？
2. 若将来无需求，再问过去：过去半年内您有遇到过此类需求吗？我们这个也做很多的，很可惜联系您晚了，上次您是怎么解决的？冒昧问下大概做了多少量呢？"
客户让我们直接联系采购部,"谢谢呀,不知道采购部我应该联系哪一位呢?因为之前一直为您这里提供翻译服务的嘛,也想再为您提供印刷这种一条龙的服务,您可以帮我介绍一位吗?采购那里负责筛选供应商的是哪一位呀?告诉我分机就可以.<可进一步询问贵姓,先生还是小姐>"
了解客户翻译需求最多的部门,一般你公司这里，平时翻译最多的比较集中在哪些部门呢？我发送介绍的时候可以有针对性的进行介绍。
客户问到我们与交大的关系,我们有很强的交大背景，我们不隶属于交大。97年我们刚刚成立的时候办公就在交大里面，管理层和资深校译老师都是交大的博士和教授。随着公司规模越来越大，后来独立出来搬到徐家汇了。但很多老客户会一直叫我们交大事必达。
确认供应商外包方式,不知道像你们公司，如果涉及到翻译的话，是你们自己去找供应商，还是说统一会有一个部门（见备注）去安排。是不是也方便我可以跟他联系沟通了解一下
客户表示需求都自己解决了,这也很正常，现在各个公司都在控制成本。肯定有一部分自己内部也是都可以去做，但如果涉及到的量比较大的，是不是有需要？或者是一些非常规的需求，像小语种呀，法律文件之类的东西
面向客户介绍笔译和口译服务语种,几乎所有语种
客户询问保密性，如何回复？,"1) 关于保密性，对于我们公司来说，不存在问题，因为首先，我们有很多客户，他们都需要我们确保保密性的，我们经常和客户同时签订长期协议以及保密协议。
2) 我们内部采用ERP系统管理，每人都会有自己的和用户名和密码以及一个不同的权限号，这样就不能登录到其他同事的电脑上，所以每个人能看到的东西是有权限限制的。
3) 重要的稿件，我们会用专职翻译来做，其实不管是专职或是兼职翻译，我们所有的员工都会签订保密协议，所以这一点您完全可以放心
4) 我们95%以上的客户都是外企客户，70%及以上都是长期客户，对保密性这块，我们公司20多年没有出过这方面的问题。
5) 若客户还是不放心，我们可以签保密协议，然后开始合作。"
客户说你们不是做翻译的，怎么还做印刷呢，如何回答,最早我们是跟市场部合作的，从翻译开始，逐步扩大到印刷、视频译制的合作，包括近期合作的会议的交传、同传口译，这样合作的业务就越来越多，我们也提供更多的一些专业服务
曾经有合作过台历和笔记本，再开发其他业务的话术,"因为之前我们有过合作，,就是给贵公司做过台历的印刷,还有比笔记本印刷、无纺布袋的印刷。
现在，其他的一些业务尚未开展合作,例如，展会用的这类样本的印刷,不知道这块的业务，大概是哪位同事在负责呀?"
如何用一句话介绍我们公司是做什么的且表达我们是最好的,客户需要的不仅仅是一家翻译、印刷服务一体化公司，更是需要质量最好的、性价比高的公司
客户的供应商系统由采购部负责的，采购额超过七位数才可以进入供应商系统，这种情况如何做及话术,"联系到采购部的人员，提议从小单合作，可以先感受一下我们的质量和速度。

话术：您这个7位数的范围，是指翻译这种专业服务的标的吗？
<如,是>那看来我要把您公司做为特别重点的客户好好服务,您看能不能从小单子开始合作,或是给我们一个试译的机会呢,我相信贵方系统里现有的供应商，也是从小单慢慢合作起来的，也不会一开始就合作大金额的项目.您看接下来大概什么时候会有相关的需求,我可以再提前和您联系下.
<如,不是>听起来您指是那种原材料采购吧,那一般翻译,印刷这类间接采购,你们是怎么操作的呀?是需求部门直接联系还是也是您统一负责呀?"
开发市场部联系人该如何说？,我们合作最多的部门主要就是市场部，我们可以根据市场部平时推广的需求提供各种服务。例如开展会的时候，需要的展会搭建、样册印刷、商务礼品等。有些专业领域推广的时候开研讨会，我们可以做视频，做口译。
如何询问客户的过去？,"麻烦问下最近半年您有没有安排过印刷或者翻译方面的工作？或,上次安排印刷或者翻译方面的工作是什么时候呀?

<如,有>当时是怎么解决的呀?用下来的质量和速度您这里还满意吗"
电话开发时，客户说已经有和我们的销售联系了,"1）非常感谢您一直以来的支持，您最近与我们公司的哪位同事联系的？
2）主要是有段时间没合作了，今天来电想看看近期是否有合作的机会
3）最近半年，与我们这位销售合作过什么业务呀？多久之前做的？"
不工作/退休/在家,"你好,难怪一直没能联系上您，不知您离开多久了？

若离开不久问接替者，若离开很久则放弃

1）问接替者：
您肯定对原公司的情况比较了解,那据您所知,现在是哪位同事接替您的工作，
或者据您所知，原来公司一般哪个部门可能有翻译、印刷方面的需求呀?
那个部门可能是谁负责我们这块方面的业务联系

2）请求推荐：能麻烦推荐一位还在那儿工作的同事给我吗?方便的时候，我会去联系一下"
如何询问已离职联系人的目前是否有需要,虽然我知道你离开这家公司了，但好像我听到我同事说起过，你这边也在负责市场这块的工作。不知道现在的公司是否有机会用到翻译，或者宣传册印刷之类的服务？
问其在哪家公司，现在的需求,"1）您现在哪里高就呀？还在原来的行业吗？
2）问需求：请问您现在工作中遇到翻译、印刷、视频译制的需求，是如何解决的？"
客户着急挂电话，如何回答？,"1）不好意思,知道您忙,耽误您一两分钟可以吗?
2）您先忙,我给您先发个邮件,等您忙好抽时间看下
3）可以先加个微信吗?方面您空闲时联系
4）我什么时间方面再联系您呢?
5）好的,您先忙,我过会再联系您"
和介绍人合作时间久，以后合作了会告知,"1）是我一个朋友介绍的，和我们合作10多年了，关系蛮好的，他说您可能也有这方面的需求
或 是你们其他同事推荐的，说您可能有这方面的需求
2）现在不好意思说，以后若我们合作成功了，一定告诉您"
人不在,"1）哦，她不在呀。他大概何时会在？

2）是这样的，我们之前是跟他一直联系的，我们公司主要是为外资企业提供翻译和样本印刷服务的。尤其在翻译行业,我们是上海排名第1的专业公司,你们行业的绝大多数公司都是我们的客户，今天主要是做客户回访，看看近期有没有合作的机会

3）找新人：您贵姓，您是否可以给我留个您的邮箱,我将我们公司的介绍也发一份给您,您可以做个备份,如果您有任何需要可以随时与我联系

4）确认原来的人：据您所知，他最近会需要翻译或印刷方面的服务吗"
客户回复没有需求，如何回答？,"是啊，我知道您平时可能会有这方面的需要，也可能会有固定的供应商嘛。
所以不知道有没有可能，我发一些我们的案例，您有时间的话，可以看一下吗？"
老客户再开发,"1)非常感谢您对我们的支持和肯定。
2)请问您对我们的服务是否满意？
3)近期的需求情况如何？
4)我们合作了很久了，现在我们已经有专门的翻译团队来为你们服务，针对你们公司也有相应的词汇清单，相信能为你们提供更好的服务。
5)再次感谢，希望今后继续合作"
请客户推荐其他部门,能不能帮忙指点一下，还有哪个部门我们可能合作少一点的，我可以去努力沟通一下下的呀
电话中如何问客户要人,"1）那不知道据您所知，像我们XX公司这边，因为我们合作的业务部门也比较多，也想因为您在可能比我更了解公司的内部情况吧，不知道是哪个业务部门，可能像这方面的需求会多一些
2）之前我们沟通的***还有在职吗？哦，离职了，那你看我和哪位联系会比较方便一些"
电话中如何提问来了解客户的需求,"1）据您所知,您公司哪些部门会有翻译、印刷或者多媒体译制这方面的需求呀?
2）我们和很多外企的市场部都合作的,据您所知,您公司市场部哪个同事负责翻译、印刷或者多媒体译制这方面工作呀?"
问客户要项目的话术,"1）你们人员有变动，同时我们人员也有变动，所以中间有段时间的确是断了联系，现在我们**公司由我负责，也想和你这边沟通看看我们最近的需求，看是否能再为你提供服务
2）我最近没有找我们，我不知道就是是因为之前，比如说现在有什么问题啊，他大概怎样的一个原因呢？"
用一句话让客户放心,您放心，我们非常有经验的！
客户公司更换销售代表，客户询问原销售是否离职，如何回答,"1）非常感谢您的推荐,XXX没有离职哈
2）我们与贵公司续签了长期协议,为了更好为您提供服务,特意增派了销售
3）后面都是我负责,您直接联系我就好了
4）XX还在职的，在其他的项目上，后续我这边为您提供服务"
询问负责人,"嗯，因为在这块其实我们也是非常有经验的嘛。
在上海我们这块也是做了二十多年，是一直为外资企业有提供这方面的一个工作。
包括的话从制作啊到印刷到最后的一个物流送货。
那我不知道市场这一块的话，现在嗯是哪位同事在负责呀？"
客户问你们公司叫什么？,"1.交大事必达,客户习惯叫我们SPEED
2.公司正式名“上海嘉赛....”如果在信息库中登记的会是这个名字
2.我们源自交大,管理层和资深的翻译有很多都是交大的,随着公司规模的越来越大,独立出来了"
我们的客户中，外企占比是多少？,95%以上
您先忙,"那您先忙,我下午或明天上午再打电话给您吧!"
感谢,很高兴您还记得我们，有段时间没联系了
表示抱歉,"不好意思,给您添麻烦了,再见"
客户有供应商，如何首先表示我们是第一的,"那我电话打的真是时候!我们主要是为外资企业提供翻译和样本印刷服务的。尤其在翻译行业,我们是上海排名第1的专业公司,你们行业的绝大多数公司都是我们的客户呢"
客户有供应商，客户对现有的供应商哪不满意,您现在的供应商您觉得哪方面您不满意呀?
客户有供应商，表示我们在这方面服务好,这方面我们肯定是不错的
问已有供应商满意情况？,"1）满意吗：那您觉得他们的服务您满意吗？你觉得他们的质量目前稳定吗？
2）最好：我们也有客户原来是找其他公司做的，但是后来还是跟我们签了长期协议，因为我们有非常多的行业经验，能够提供最快最好的服务
3）质量：而且我们是上海唯一一家使用ERP流程化质量管理的公司，能够确保翻译和印刷质量"
多家供应商的好处,"1）正常：而且一家公司有2家甚至3家都很正常，不同的部门有不同的需求
2）性价比好：我们不管是质量还是速度，肯定是比其他供应商性价比高，而且我们合作的都是知名的大公司
3）客户证明：我相信这么多客户肯定也试过很多家供应商，觉得我们还不错，所以才长期合作的
4）有比较好：多1个供应商其实对您才是最好的。这样您可以有比较，选择质量好交稿及时的
5）紧急时好：遇到项目时间特别紧急的时候，一家来不及，临时找1家对您资料不熟悉，质量不一定能达到你的要求的
6）一体化好：而且我们还能提供从翻译到印刷一体化的服务，视频译制也是我们擅长的，增加我们1家供应商可以解决您很多需求的
7）500强：我们服务的也都世界500强的外企，他们也会有多个供应商
8）保证及时：因为我们质量保证交稿及时，所以客户一般都选择我们会更多一些"
客户回复有供应商，但对现有供应商不满意时，如何回复,"哦，对现在的供应商不是很满意是吗？不知道您觉得他们哪方面需要改进呢？是质量方面还是服务方面？

*（若客户说是质量不满意）那我们公司的质量您是可以完全放心的。
*（若客户说是服务质量差）我们公司绝对不会出现这种情况，因为我们会有一名客服代表全程跟踪整个生产过程，并随时向您汇报生产进程。如果您有任何要求，可随时与我们的销售联系。（再介绍我们公司的优势）"
如何介绍我们服务内容全,多产品：除了专业的翻译服务外，而且我们还能提供从设计、印刷和视频配音配字幕服务，可以为您解决很多需求的
客户表示已有八家供应商在合作了，如何回复？,"强点第一、我们是最好的
1）这个没有关系呀，因为我们公司是上海规模最大，市场份额第一的，成立27年的时间，很多世界500强外企都是我们的长期客户，你们行业的绝大多数公司基本都是我们的客户
2）而且记录显示我们从哪年开始就与你们合作了，也为你们做过很多的翻译服务了，比如之前与你们**部门的**也合作的很好，只是后来由于人员变动就联系中断了，所以我们也想找机会重新开始合作就可以了"
和唐能比，我们的优势有哪些,我们是比唐能多做的，像比如说一些市场的国外这种cat log，我们从翻下来做设计排版，然后到印刷成册。因为这也是我们的业务之一。包括我们现在和帝斯曼的同事，像个人护理啊，包括一些维生素的部门都有在合作
客户否定和我们合作过，对我们印象不好有多家供应商已经比较饱和了，新增为他们的供应商很难,"1）发邮件详细说明合作项目，拉印象
2）了解具体怎么进入供应商备选"
分公司所有资料都是外国总部寄来，询问不到负责人联系方式怎么跟进,联系这家公司的其他联系人，先找到决策部门，再找到决策人
如何直接问我们和其他供应商的在量上的区别,因为我知道我们d b s基本上是除了我们就是还会有一家翻译的翻译的问的，一直在合作的。你估计是我家做的多一些，还是另外一家做的稍多一些？我们也可以有进一步的方向
当客户说我已经有供应商A，我们如何跟进？,"1）现有供应商好在1,2,3，你说的没错，我们绝对不比他们差，因为我们也有1,2,3好处
目前我们是翻译行业排名第一的，其实A这类很多就是我们的客户，转转手，收费更高，他们能做，我们也能做，能做的更多4,5,6，而且价格更低，我们核心优势长期服务大客户，有词库，句库，有高质量译员，长期服务大客户经验

2）请问一般来说一次给现在供应商多少量，大概翻译什么方面的资料，要求多少时间内完成，价格大概多少（按篇算，还是按字数算）

3）你们现在合作的公关公司是哪家，可能就是我们的客户；现在很多有的大客户要求一篮子服务，找公关公司，但最后公关公司还是找的我们"
客户为国内公司，没有翻译需求，推什么业务？,那您其他方面会有需要的吗，比如说印刷，视频译制，同传等
外文邮件看不懂,"将邮件模版英文复制粘贴到网上进行翻译,了解内容后是针对客户问题的回复,再发邮件"
抱怨跟进太频繁,"1)这种抱怨一般是客户对你不熟，熟悉的话一般不会太反感
2)对症下药，对客户电话、邮件方式上差异化，时间上差异化
3)每次变换不同的话题
4)若客户抱怨的多，可以从周边的人开始"
案例分析-冷淡客户,"通过语音语调，回答字数少，判断出冷淡客户

1）第一印象：先强调第一，历史合作案例，很熟，建立起强势

2）让客户替你打单：直接表明来意，（不用提我们人员变动）

3）用案例的方式启发客户：哪个品牌需求多，先问部门，问道部门再到问人，
技巧：停顿下，让客户多说"
开发航空行业，缺少航空行业案例，该如何做,"1）询问销助,销助可查询其他有关航空类的案例
2）查询航空公司网站
3）可充当客户去问其他翻译公司要案例
4）学习技术用语"
客户公司过去有需求，现在在休假,让客户推荐其他部门的同事，先和其他客户联系。设定下次跟进时间
客户说，之前同事面访过，但是我们的价格在供应商里面没有优势，所以没有选择我们,"1）可用同行案例的失败经验和结果告知客户
2）鼓励客户质量稍微降级一点
3）看我们是否可以迎合"
曾经有合作，说不需要,别忘了先说：赠送便签本，便签本的好
客户休产假回来表示不清楚公司翻译需求,"应询问产假前的接替人，可联系之前的接替人
也可对该联系人一周后再次跟进"
客户说有但没沟通下去，该如何操作,1.先主动添加企业微信或者核对邮箱；2.联系这家公司的其他人，找到决策人或者决策部门
放慢语速，系统标记好,"1）不要慌,还是和平时一样,继续说中文即可,只是放慢速度,尽量礼貌、专业、口齿清楚,不少老外是能听懂简单中文的
2）挂机：若对方还是听不懂，那就直接挂机即可
3）新增联系人“老外”：写明分机号，注明是老外，并听不懂中文，方便以后懂英文的客服专门对这些老外做电话开发维护的工作"
电话中，客户推荐了新联系人，需要确认哪些信息？,"1）问电话中的该联系人要被推荐人的姓名（中文全名）及联系方式
2）确认电话中的原联系人是否仍在原公司，若在新公司要新增公司"
遇到不清楚如何回复的情况,"1）与对方抱歉说自己是新销售,请教老销售后再跟进,或商机请老销售跟进
2）把对方讲的点记录下来,有针对性备好功课,再电话打给客户"
接电话的为总机或前台且其知道那个部门有需求，下一步如何做？,"到组织结构里找已有的部门的其他联系人,直接问总机/前台是否与此人联系,若不是,再问现在是哪位接替或者现在是谁负责"
客户推荐了xx部门的xx，但是一直联系不上xx,"1）持续跟进，换一个时间段打电话过去
2）问问有没有其他负责的人"
开发客户,"1. 能给我们做些什么业务（翻译？多媒体，印刷，礼品，展会参展情况），建议我们怎么做（找谁，什么业务？）
2. 应对当下的大环境，客户有什么变化，改变？当中我们能帮上什么？
3. 加企业微信"
电话前的准备,"电话前看客户画像：
1） 清楚该公司行业，清楚同行业的公司名称
2） 了解此人和公司的合作时间，产品
3） 了解合作最多的部门和人名"
客户公司是采购部负责翻译的，但是找不到采购部的联系人，系统之前采购部的联系人都离职了,"1）通过前台找采购
2）通过系统中的其他联系人问到现在负责的采购名字和联系方式"
负责翻译的外发负责人,"1）了解过去6个月的有无需求：
若有了解具体消费场景，负责人、对手情况、是否满意
2）提出再次合作
若愿意：感谢并寄便签；寄便签再电话跟进
若不愿意：了解原因，若确实有需求不发我们，了解量和不发我们的原因（建商机）"
如何在决策人拒绝的情况下，开发这个公司其他的联系人,开发该部门之外的人，也可以找到影响人，与影响人建立良好关系
对方说有需求，我们该如何说,询问是关于哪个方面的，具体需求时间等信息
前台帮忙查人,"1.打不通：有些同事一直电话联系不上，麻烦帮忙查一下*******现在还在吗？

2.同事介绍的：刚才我和。。部门的。。联系的,他让我找。。部门的。。,但他不清楚分机号,让我找您帮忙查一下

3.电话断了：你好，前面你们有个同事说有资料需要我们翻译，打到一半电话断了，麻烦帮我转一下，他好像是MM部门的

4.没接到：前面你们YY部门有人打电话给我,没有接到，麻烦帮我转一下，应该是YY部门的，具体姓名我没听清楚

*** 让前台找人，一般不需要说明自己是谁（除非对方坚持问，可回复：您好,我是交大事必达的,之前一直和你们的某某同事联系的,做过很多资料翻译和样本印刷）"
当客户回复自己所在的部门没有需求,"6种挖需求方式：
1）本人的翻译业务
2）本人的其他业务
3）其他部门的需求
4）印刷需求
5）市场部
6）采购部"
拉近关系的方法,"1）谈客户联系人本人跟我们合作过的历史
2）谈客户公司跟我们公司合作的历史
3）谈客户所在行业的知名大公司跟我们合作的历史"
客户在电话中提到采购部，如何反应？,"1. 我们系统中该公司若有采购部的人名，报名字，确认现在是否仍为此人负责
2. 核对后若系统中已有联系人都不是，则问客户现负责的采购姓名和联系方式"
客户在电话中提到市场部或Communication部门，如何反应？,"1. 市场/Communication是否分公司层面和不同BU层面
2. 报系统中已有市场/Communication联系人的名字，确认是否仍为此人负责，或该联系人负责哪个BU？
3. 核对后若系统中已有联系人不是，则问客户现在负责的市场/Communication姓名和联系方式"
如何问同部门其他联系人分机号,那部门其他同事的分机号您这边有吗？我打过去问问看，您这边方便吗？
问还有其他方法找人？,"那除了打他的手机号联系他,还有其他方法可以联系到他吗?麻烦您了"
同事们有工作手机吗？,"那我请教下,像我们XX公司的同事这边有工作手机吗?"
电话中，客户提到需求找市场部，我们该怎么做？,"1）问市场部的人，介绍市场这块我们的合作案例
2）我看我们系统里显示以前是市场部的XX，现在他还在吗？还是其他同事负责？"
电话分机找联系人，但又转回一开始接电话的联系人，说什么？,"那我请问下,XXX先生/女士现在还在的,是吗?"
问如何找到人,那如果要找他或部门同事怎么找方便一些？刚刚有给发消息没有回，不知道是开会还是怎样？
其他部门某一人分机号？,"那我请问下品牌部那边有号码吗,我这边的话有XXX?"
具体分机号？,那他们有没有具体分机号？
客户在电话里,"1.我们做这个非常多，同时介绍同传案例
2.Townhall Meeting员工大会多久一次?开会形式是线上还是线下？是否有两个语种的声音
3.Townhall Meeting是哪个部门负责的？负责人是谁？"
客户在电话里提到有过Townhall Meeting（员工大会），此时应该如何反应,"1.总部哪个部门？采购吗，还是市场？
2.若系统中有相应此部门的人直接报名字，与客户确认
3.他这里的数量一般是多少，何时统计，了解背景
4.请求推荐，找到实际负责人"
电话中，客户说需求是给到各个部门，如何应答？,客户若说给到各个部门，据您所知哪个部门的需求会多一点
破冰话题有哪些,"1)新闻，官网动态，项目信息；
2)客户名片抬头、公司规模、公司环境；
3)企业产品，新产品动态；
4)夸奖客户的小孩；
5)谈客户喜好：比如旅游、球赛等；
6)国庆节后问候；
7)女性亲和气质好，男性专业资深等；"
新接手客户后，打电话的开场白,主要是因为这两个月，我接手我们****（公司名）这边的业务联系嘛，看到有你的电话，所以就想跟你打个电话，交流一下
"电话中提到笔记本和台历，客户有兴趣时,该如何反应？","1.介绍笔记本和台历的案例和我们的优势
2.问客户需求、过去情况（商机7问）
3.此需求是否此人负责？若不是，是哪个部门、哪个同事负责
4.加微信、要邮箱"
电话中客户提到今年的笔记本质量不好，该如何反应？,"1.我们肯定不会有类似问题，经验丰富，外企客户肯定
2.哪里不好，给我们看看样子伐？
3.采购是谁？
4.供应商是谁？"
电话中客户说翻译需求非常少，该如何反应？,"1.今年做过几次？上次是什么时候？
2.翻译业务少，别的业务有需求吗？"
电话中客户提到标准还是需要走采购流程，一般比较小的,"1.采购是找谁？
2.多小的金额？有金额限定吗？ "
要客户邮箱,"1.不要犹豫、马上记下
2.务必记清邮箱的地址，长期没联系过的客户@之后的后缀也请一并确认
3.联系人尽量问到姓名，可以通过该公司的其他联系人的邮箱推测出此人的邮箱
4.若当时无法听清，也别打断客户说，电话结束后可回听录音"
通过客户官网找信息,"1.联系我们
2.网点
3.公司新闻/媒体垂询/媒体联系人"
"客户已离职且无需求
，如何跟进？","1）若之前有合作，查看合作历史和查最后一次合作时间，若有先感谢（讲清楚哪年时间段）
2）问需求：本人、本部门、其他部门
3）介绍：介绍公司整个产品线，再询问是否有需求
4）提出添加微信：1.万一后续有需求；2.好处（只要是您介绍的，我们一定会感谢您，也会送您礼物）

离职时间短:
1）询问原来部门是否还有需求
2）再询问现在的需求情况

离职时间长：
1）只问现在的需求情况：现在的公司、周围朋友"
离职联系人的开发需要注意哪几点？,"1）问清楚接替人
2）问此人原公司的需求情况，组织结构，便于后期原公司的开发
3）了解联系人现在就职公司，根据新公司行业针对性做案例介绍
4）添加该联系人微信，新公司邮箱，避免后期断联"
即将离职的客户如何跟进,"1）恭维客户高升，了解客户去向
2）了解客户的接替人姓名、邮箱和联系方式，请客户帮忙引荐
3）联系上和接替人联系并发送邮件，争取尽快接上线
4）了解部门的组织架构，领导是谁
5）确认有客户的手机
6）添加客户的个人微信，避免失联"
客户跳槽，需要了解哪几点？,"1）询问新公司的公司名
2）了解所在部门和职位
3）新增公司"
如何开发离职人员的现在所工作的公司,"1）针对已经离职的客户，离职时间短的可以询问接替者
2）如果客户不方便告知现有公司的名称，可以询问是否还在同行业，介绍我们和众多外企都有合作，可能与客户的新公司有合作"
客户跳槽后的公司有在职销售了，如何处理,有在职销售跟进后，可把相关联系人信息通过企微转发给负责的在职销售
面访需新客户需要准备哪些东西？,"1）名片
2）样本
3）笔记本
4）针对性的成功案例
5）体现我们印刷业务的印刷品、台历或其它小礼品"
面访需达到目的有哪些？,"1)当场了解清楚客户的需求
2)了解清楚我们的对手情况
3)要求某个确定的订单
4)要求当场领我们去见哪个部门或哪个联系人交换名片给公司样本
5)以前合作有意见，要求客户给我们新的合作尝试"
拜访注意事项,"1）带上公司宣传册,便签、名片、笔记本、成功案例
2）若拜访的是新客户联系人,需要输入系统该联系人的信息
3）写面访报告
4）外出拜访前需要系统报备
5）取得客户名片后更新系统联系人信息"
约访注意事项,"1）确定客户是否真的有需要,再去拜访
2）跟客户约好具体的时间
3）去外出拜访前再次电话确认"
拜访时在客户工作区域，可以做哪些推广,"1）主动和客户旁边的同事打招呼，递送名片
2）介绍公司优势和合作历史
3）尽力找到主管经理进行沟通
4）询问客户公司的样本或翻译相关的已有的参考资料，能拿的就问客户要（方便整理词汇或翻译时参考）"
如何做客情关系维护,"1）我们拜访客户可以带份点心、咖啡给客户
2）客户中午午休过来拜访，我们可以请客户吃个简餐"
销售面访客户时具备哪些技能,"1)销售工具
2)话术"
表示感谢,太谢谢你了，给我这么多信息
加微信,您的手机号是您微信号吗，我用企业微信发个邀请给您，您可以通过一下，以后万一需要时可以找到我们
要邮箱,您的邮箱还是……，我可以将公司最新的资料发给您，您有时间可以看一下，如果同事或朋友有需要的话，拜托也帮忙推荐一下，谢谢啦
感谢,谢谢您的配合了，祝您工作顺利，谢谢啦
感谢，加微信和发邮件，求推荐,"1）微信：您的手机号是您微信号吗，我用企业微信发个邀请给您，您可以通过一下，以后万一需要时可以找到我们
2）邮箱：您的邮箱还是……，我可以将公司最新的资料发给您，您有时间可以看一下，如果同事有需要的话，帮忙推荐一下，谢谢啦"
商机7问，可以有哪些向客户提出的封闭性问题,"1) 文件您下午就可以拿到，对吗？
2) 资料肯定会外包翻译，对吗？
3) 一定会有翻译、设计印刷、网站汉化等需要，对吗？
4) 价格ok的话，就肯定会给我们做，对吗？
5) 市场部需要最多，是吗？
6) 项目肯定会做，对吗？
7) 你们十月份展会肯定会参加的，对吗？
8) 你们这个产品卖的最好，对吗？
9) 选择供应商，您这里肯定就可以决定的，对吗？
10) 请帮忙引荐一下您其他部门的同事，好吗？（先了解清负责人、需求时间、具体事项）
11) 我们质量肯定没有问题，您看什么时间可以确定下来？
12) 项目是10月份肯定要交付吗？
13) 我们是你们公司供应商里面最好的；
14）我们是贵公司所在行业的其他公司的优选供应商；
15）我们是翻译印刷行业里面最好的；"
商机7问，可以有哪些向客户提出的开放性问题,"1) 最近有没有需求？
2) 是谁或哪个部门在负责？
3) 最近在忙什么项目？
4) 哪个部门有需求？
5) 有几个产品线？几名产品经理？
6) 觉得我们之前的服务怎么样？
7) 公司最近有大的活动，或者有新工厂成立吗？
8) 销量最好的产品是什么？
9) 近期有新产品推出吗？
10) 公司有进出口业务吗？
11) 公司总部在哪里？在上海或其他地方有分公司？
12) 会有研讨会吗？
13) 贵方的同行业公司有需要翻译的项目，您这里是否也会有这样的需求？
14) 公司有内部培训吗？
15) 公司内部有翻译团队吗？
16) 公司的人数、规模怎么样？
17) 近期有国外项目吗？
18) 贵公司在行业内的排名是第几？
19) 目前印刷品或季刊的需求周期是多久？"
商机7问，可以有哪些向客户提出的选择性问题,"1) 这个月有需求还是下个月有？
2  市场部负责还是采购部负责？
3) 中译英多一些，还是英译中多一些？
4) 是印刷厂还是广告公司做的？
5) 内部处理还是外包解决？
6) 印刷品是在国外还是国内做的？
7) 大项目，找一家供应商还是多家供应商？
8) 归口到一个部门负责，还是各个部门自己负责？
9) 翻译印刷分开做，还是翻译印刷一体化处理？
10) 市场部需求多一些，还是销售部多一些？
11) 上万元金额的订单，是您决定还是需要老板审批？
12) 供应商招标是一年一次，还是一年两次？选择一家供应商还是多家供应商？
13) 选择供应商时，最看重翻译质量还是以控制预算为主？"
客户的具体需求是什么？,客户的需求是关于翻译服务，特别是与机加工项目相关的翻译。
项目性质及内容？,项目涉及海外的机加工工作。
如何应对客户对英文文案的修改需求，特别是关于语法、拼写及内容结构调整？,对于客户提出的文本修改建议，需仔细校对并根据专业翻译老师的建议调整语法错误和拼写问题。对于内容结构，若不明确应咨询客户以确保符合其意图。
在文档编辑中如何遵守广告法规，避免使用禁用词汇？,在编辑文档时，要注意避免使用违反广告法的词汇，比如绝对化的形容词，对于存疑的表述，除非得到客户确认，否则不宜自行删改，以免违规。
如何处理客户关于付款时间调整的请求？,确认收款情况，同意客户的延迟付款请求，并计划后续统一处理。
如何确认和满足客户对于翻译项目附加需求？,针对翻译项目的特殊要求（如中英文对照），明确需求后及时安排并通知客户进度。
翻译公司提供的服务选项有哪些？,公司提供三种服务选项，包括普通译员翻译、一审资格专业译员翻译，以及老外校稿服务。
不同翻译服务的收费标准如何？,普通译员每千字收费280元；一审资格专业译员每千字收费560元；老外校稿服务每千字收费800元。
翻译人员的资质如何保证？,所有译员至少具备专业八级（专八）水平，公司还拥有自己的术语库，译员具备丰富经验。
如何应对客户提出的文本修改需求，尤其是不明确的修改意见？,首先确认修改的具体内容，对于不理解的部分，可以要求客户提供更具体的示例或说明，必要时可提供当前理解和建议的修改方案供客户确认，同时对于语言差异导致的理解困难，需与客户沟通并根据上下文灵活调整内容，确保符合客户的意图和项目需求。
如何处理涉及专业法律术语或受限表述的文案修改？,在修改过程中，需谨慎处理可能违反广告法或行业规定的表述，对于“最赞”等极限用语，除非确认其合法使用，否则不宜随意改动。必要时可咨询法务部门或遵循公司内部的广告审查流程，确保文案的合规性。
客户需要翻译的语种和内容是什么？,客户需要将中文翻译成英文，内容是企业介绍，大约三段，总计不超过五百字。
翻译稿件的专业性要求如何？,翻译需要专业且标准，特别是针对润滑剂行业的专业术语，因为翻译成果将用于官网宣传。
翻译公司的服务包括哪些选项及费用？,提供三种服务选项：①有经验的普通译员，每千字280元；②有一审资格的专业译员，每千字560元；③外籍人士校稿，确保语言本土化，每千字800元。计费基于中文字符。
翻译人员的资质如何保证？,所有译员至少具备专业八级（专八）水平，更有译员拥有专业翻译证书，且公司有长期积累的术语库支持。
如何确保翻译内容的本土化？,通过外籍语言专家校对，可将翻译内容调整得更加符合英语母语者的表达习惯，使内容显得自然且非中式英语。
客户询问是否收到所有发票并提醒付款？,确认收到客户提到的所有发票信息，并承诺会关注这些本月需付款的发票。
客户如何应对翻译质量受到质疑的情况？,客户应首先核实提交给客户的翻译稿件版本，确认是否因误用初稿而导致质量反馈。随后，需安排团队重新审核并修正指出的错误，特别是基本术语误译及语言不专业之处。
如何处理翻译稿件中的专业术语错误？,销售需明确指出翻译稿件中存在的具体问题，如专业术语错误、内容重复、基本概念混淆等，并要求客户方重新校对，确保翻译的专业性和准确性。
如何安排重新审核并修改翻译稿件？,销售应要求客户安排专人，基于现有稿件进行全面复审和修改，确保所有错误得以纠正，特别强调了两个项目（大型地面电站的资料和最新文件）为优先处理对象。
客户需要翻译并盖章的文件是关于什么内容的？,客户需要翻译并盖章的文件是一份外交官的小孩在上海的出生证明，因原文件丢失，现在需委托领馆副总领事办理新的出生证明文件，并且需要将此委托信翻译成中文以便提交给妇幼保健院。
翻译公司是否可以提供翻译并盖章的服务？,翻译公司能够提供翻译服务，并且在翻译完成后可以加盖公章，但盖章服务也需要收取一定的费用，价格相比翻译服务会便宜一些。翻译的内容需先由公司审核确认无误后才能进行盖章操作。
是否可以提供英文版本的服务或产品？,确认有英文版本可供选择。
客户是否需要将多个Excel文件整合到一个文件中，并且每个章节对应一张表？,是的，客户希望将内容整理到一个Excel文件中，每个章节包含在一表中进行展示。
合同中的最低字符要求是什么意思？,合同中提到的最低500字符要求是指，无论是安排中文翻译成英文还是英文翻译成中文，每次服务请求都需满足这一最低字符数。具体到英译中，由于一个英文单词折算成两个中文字符，所以实际操作中意味着至少需要提供250个英文单词的内容来进行翻译服务。
如何计算英文内容的字符，是以单词还是字母为单位？,英文内容的计算基于单词数量，而非单个字母。一个英文单词在计费时将被视为两个中文字符，因此在满足最低字符要求时，需要考虑英文单词的数量进行换算。
中译英的最低字符要求是多少？,中译英的最低字符要求是500个中文字符。这意味着，当客户需要中文内容翻译成英文时，提交的原始中文文本必须至少包含500个字符才能符合合同要求启动翻译服务。
合同中的翻译服务计费基础是什么？,合同中的翻译服务计费基础是依据被翻译的文本内容，具体到语言方向，中译英以中文字符为计费单位，英译中则先将英文单词转换为中文字符（一个英文单词等于两个中文字符）后，再以此为计费基础。确保每次服务请求都满足最低字符限制要求。
客户询问之前是否有过合作经历？,确认之前的合作经历，提到曾提供技术资料的翻译服务。
销售对于响应速度有何要求？,响应速度需快速，之前因对方邮件未回复导致认为响应不及时而终止合作。
客户如何保证现在的沟通效率？,现在使用企业微信进行一对一服务，保证在十几分钟内回复跟进。
销售询问是否有特定行业领域的翻译案例？,询问是否有与涂料或油漆相关的翻译资料或介绍。
如何获取客户的联系信息以便发送资料？,客户提供邮箱地址以便接收翻译资料样本。
客户询问合同审批流程的预计时间？,销售解释目前合同正在走内部流程，并等待法务部门的审核意见。一旦确认无误，双方即可盖章。销售承诺会通过邮件通知客户合同状态，并希望能在本月内完成。
客户对于法务部门的审批速度表示担忧，销售如何应对？,销售理解客户的担忧，并承诺会再次催促法务部门加快进度，同时解释近期法务部门较忙可能导致的延迟。
销售如何告知客户后续的翻译材料提交时间及翻译所需的工作日？,销售说明合同盖章可能需要一两天，之后会将需翻译的材料发送给客户，翻译时间大约为三到四个工作日，总体预估不变。
客户对项目能否在本月内完成表示疑问？,销售表达会尽力催促，争取项目能够按时完成，同时也提到公司流程通常较长。
客户询问是否能提高中译价格?,中医的翻译量不多，但提高价格会导致使用部门有倾向性选择，因为两个价格都会被对比考虑。
如何更新报价信息?,客户应在原有报价邮件上进行更新并重新发送给销售。
合作开始的时间预期?,ACL流程正在同步推进，具体时间未定，但因无需现场审核，推进速度可能较快于其他供应商，需等待完成才能开始合作。
合作的前提条件是什么?,完成ACL流程且无需现场审核后，即可开始合作。
客户之前是否签订过保密协议？,客户之前没有签订过保密协议，仅填写了供应商登记表（VMF）。
如何处理未签订保密协议但需分享敏感资料的情况？,先提供非敏感的公共材料，并询问关于NDA（保密协议）的签署流程以便后续操作。
客户对报价的请求如何回应？,客户同意在收到资料后给出具体报价或条件反馈。
客户的付款时间是如何计算的？,客户的付款时间基于开票日期后的一个月账期。例如，若开票日期为5月21日，则预计付款时间为6月21日左右。
如果客户询问具体的付款流程和时间，应该如何应对？,应承诺客户会进一步确认付款的具体情况，并在得到信息后及时通知客户。
如何向客户了解是否有新的项目需求？,可以直接询问客户近期是否有需要翻译或其他相关服务的项目。
客户提到的翻译语言主要有哪些？,客户提到了日文、葡萄牙语（包括巴西葡萄牙语）、西班牙语以及常见的中英文翻译。
大型地面站的资料需要翻译吗？,需要翻译。
翻译内容可以在明天提供初稿吗？,可以，明天可以提供初稿。
如何开具发票？,不超过5000元可以合并开具，超过则需分两张。
之前有未回复的邮件需要处理吗？,有两个邮件需要回复，包括一个六百二十二的款项和结算单确认开票事宜。
有关液冷电池的翻译文章需要关注吗？,液冷电池相关的两篇文章很重要，需要尽快翻译。
客户之前是否寄送了护照相关文件?,确认收到客户寄送的护照文件，并感谢客户的配合。
客户之前做的翻译项目内容是什么?,客户之前做的是关于减少垃圾、维持岛屿及周边海洋污染的环评报告翻译项目。
翻译项目的校对和定稿何时能完成？,校对阶段预计在下周五左右结束，最晚会于月底二十四号那周提供定稿。
翻译内容是否需要客户先行修改？,目前翻译质量尚可，可能仅需调整一些专业术语，无需客户先做修改。
客户要求将繁体中文内容转换为什么格式？,客户希望将所有内容转换为简体中文。
如何处理文件中繁体字与简体字混杂的问题？,需要将文档统一转换为简体中文，确保阅读一致性。
客户询问翻译项目的字数和价格是如何计算的？,翻译项目的价格基于字数计费，本例中大约有七千字，价格大约是三块钱每千字，总计约为210元（实际计算应为字数乘以单价，此处为示例简化处理）。
销售如何确认项目交付时间？,根据客户需求的紧急程度，考虑到当前日程，销售预估项目可以在十号至十三号之间完成，确保在二十九号前肯定可以交付。
"客户如何获取正式的报价单？
```",销售将通过电子邮件发送正式的报价单给客户，以便客户与上级或决策者分享并确认订单细节。
"如果客户同意报价，何时需要确认项目启动？
```",销售要求客户在收到报价单的同一天内确认是否启动项目，以保证按时开始并完成翻译工作。
客户担心接到的是骚扰电话，如何确认身份并建立信任？,首先礼貌问候并自我介绍，提及上次联系的背景，如讨论过的项目或内容，以证明来电的正当性，并表达愿意帮助对方解决问题的积极态度。
客户项目中遇到的具体问题是什么？,客户提到的设计问题中包含一些描述性文件需要中英文转换，特别强调中文到英文的翻译质量要高，显示出对翻译准确性和专业性的需求。
如何在通话结束时保持礼貌并确认下一步行动？,以积极肯定的语气确认通话内容，表示感谢并正式道别，同时给客户留下可以随时再次联系的印象，保持服务的连续性和友好性。
客户负责的产品或部门是哪个？,客户负责的是技术部，与止咳树脂（可能是误听，实际应为“市场营销”）相关的产品工作。
销售如何提及之前的联系方式并提示未来合作可能？,销售应提及以往的沟通方式，如邮件联系，并表示愿意成为未来项目需求的首要联系人。
客户之前提供的服务包括哪些内容？,之前提供的服务包括比例（可能是指笔译服务的比例报价）和视频录制方面的服务。
目前客户的工作中是否还需要之前的翻译服务？,目前不需要翻译服务，因为主要做的是出海业务，大家都能自行处理英文需求，小语种需求不频繁。
客户之前是否与公司有过业务往来，具体提供了哪些服务？,确认客户身份及过往合作内容，如翻译服务等。
客户询问长时间未合作的原因是什么？,可能是没有相关需求，也可能是有其他供应商或内部解决了翻译需求。
销售如何告知客户当前没有相关需求的情况？,直接明确告知目前没有此类需求，并建议客户尝试其他途径或部门。
如何计算字数统计，特别是在涉及中文字符时不计空格的情况？,字数统计通常依据文档中的中文字符数，且在特定要求下不包含空格。确认字数时，应查看“中文字符数（不计空格）”一栏。
字数统计差异可能由哪些因素造成？,字数统计差异可能是因为包含了图片中的文字或之前额外翻译的内容未从总字数中扣除。
确认字数时是否需要考虑文本框及特殊格式的标记？,在进行字数统计前，需确认文档中所有文本框的选择状态以及是否有其他特定格式的标记被计入，这可能影响最终字数。
如何处理客户对字数统计的疑问，确保双方一致？,面对客户的疑问，应主动提出与助理或相关部门再次核对字数，并及时反馈确认结果，保持沟通透明。
如何计算字数统计，特别是在涉及中文字符时不计空格的情况？,字数统计通常依据文档中的中文字符数，并且在特定情况下不包括空格。确保查看的是正确的计数方式，比如“中文字符数（不计空格）”一栏的数字为准。
字数统计差异可能来源于哪些因素，比如是否包含了图片中的文字或额外翻译的内容？,字数统计差异可能是因为统计时误将图片内的文字也算入，或是将之前额外翻译的内容重复计算在内了。需要与负责人员确认这些细节以校对字数准确性。
如何引导客户检查文档设置以确保字数统计的正确性？,可以询问客户是否在计算字数时选中了正确的选项，比如文本框内的勾选标记，这有助于确认是否排除了不应计入的空格等细节，从而得到准确的字数统计。
当客户对字数统计有疑问时，应如何应对并提供解决方案？,首先确认客户的计算方式，然后对比内部记录，如发现差异应考虑图片文字、额外翻译内容等因素，并承诺与团队核实后给予明确答复，以确保客户满意和沟通透明度。
你们之前为我们公司提供了哪些服务？,我们之前为贵公司提供了翻译和制作印章的服务。
现在是否有新的服务需求？,了解一下您目前是否有新的翻译或印刷等需求。
客户询问是否缺少成为固定供应商所需的文件?,建议客户联系市场部，让市场部进一步询问采购部门是流程关闭还是缺少资料，暗示如果资料齐全，重新开启合作较为简单。
销售如何引导客户解决问题而不直接介入采购流程?,销售应指导客户联系具体的负责部门（如市场部），由该部门与采购沟通，强调自身作为需求部门的立场，不宜直接干涉采购决策过程。
客户表示目前没有翻译服务的需求，销售应如何探寻原因?,询问客户需求减少的具体原因，是否为内部需求变化所致。
客户从事研发技术工作，对翻译服务的需求情况如何?,了解客户所在行业特点，确认翻译服务在其日常工作中的应用频次及必要性。
客户对于技术资料的翻译需求有何特定说明?,客户指出其工作中使用英语通用版本，减少对翻译服务的依赖。
如何在无当前需求时保持与客户的联系?,提醒客户已有联系方式，鼓励未来有需求时再次联系，并表达感谢之意以维护良好关系。
你们之前为我们提供了什么服务？,我们之前为贵公司及您的一位广州同事提供了SDS的翻译服务。
为什么您现在联系我们？,因为自从上次合作后，您这边没有再次委托我们进行服务，我想了解是否有新的需求。
如果有需要翻译服务，我们会怎样联系你们？,您有需要时可以直接联系我，或者我会通过邮件发送服务信息给您。
你们之前提供过什么服务？,我们之前为陆小姐提供过资料的翻译服务。
客户询问关于五月份一笔小额翻译费用的支付情况？,确认了该笔费用是在六月十三日支付的，并且之前通过邮件有所沟通。
客户询问销售方近期是否有翻译工作可以安排？,目前暂时没有新的翻译工作需求。
销售确认付款时间是否为六月十四日？,客户纠正并确认付款时间为六月十三日。
客户对之前翻译服务的满意度如何反馈？,如果客户没有直接反馈，可以主动询问是否需要进一步了解使用部门的评价，并表示愿意根据反馈进行调整或修改。
如何处理客户未收到使用部门反馈的情况？,理解客户情况，提醒客户如果有任何后续反馈，随时与自己联系，表达愿意协助解决的态度。
如何确认发票处理情况及提示付款流程？,确认发票已提交后，礼貌表示会让财务留意查收，并提及客户以往的快速付款记录，顺势提议在确认无误后安排开具下一次发票。
客户如何回应关于发票提交及付款的询问？,客户确认发票已提交，并承诺会查看财务是否已完成付款，展现出合作与确认事务的积极性。
你们之前提供过什么服务？,我们之前提供过技术资料的翻译服务。
目前工作中是否还有翻译服务的需求？,现在不大需要，因为工作内容已经比较成熟稳定。
客户之前提供的服务包括哪些内容？,客户之前提供了笔译和印刷方面的服务。
AI翻译能否完全替代人工翻译服务？,AI翻译可以处理一部分翻译工作，但对于量大或要求高的翻译项目，尤其是需要提交给客户的，AI可能无法满足质量要求。
翻译服务是否曾为客户提供过资料翻译？,确认之前有为客户提供过资料翻译服务，并以此为基础探索再次合作的可能性。
客户是否有当前的外发翻译需求？,客户目前暂时没有外发翻译的需求，但如果有需要时，他会考虑联系我们。
客户在选择翻译服务供应商时是否有自主权？,客户能够自主选择翻译服务供应商，并且费用出自他们自己部门的预算。
客户之前为何没有进行翻译项目？,去年客户计划翻译项目后因市场原因取消了翻译需求。
如何确保与客户的后续沟通？,已经与客户添加了微信，以便未来有需求时能及时联系。
客户目前对于翻译服务的需求状况如何？,客户表示目前需求较少，基本没有。
客户如何解决当前偶尔出现的翻译需求？,客户目前都是通过内部资源解决翻译需求，得益于AI技术的进步。
客户之前为公司提供了哪些服务？,客户之前提供了翻译和制作印刷服务。
公司目前是否有翻译方面的需求？,目前没有这方面的需求。
公司如何解决当前的翻译需求？,公司现在在马来西亚有一个支持团队负责翻译工作。
客户询问销售过去一年内是否有过相关需求？,最近一年内也没有遇到过这类需求。
你们如何处理化工专业领域的翻译项目？,我们原则上会寻找具有化工行业经验的对口翻译人员进行操作。
中译英和英译中的中医翻译有何不同？,国内翻译与外籍母语者的表达习惯和用词有所不同，外籍翻译可能更贴近外国人的阅读习惯。
外籍翻译的费用是多少？,外籍翻译的费用是一千个字1200元人民币。
为什么外籍翻译的费用远高于国内翻译？,外籍翻译的薪资标准以及可能涉及的外币结算导致费用较高。
如何平衡翻译质量和成本？,可以根据内容的重要程度选择翻译人员，如产品描述部分可能更适合聘请外籍翻译以确保准确性，而公司介绍部分可考虑成本效益。
是否可以提供试译服务？,可以提供试译，通常限制在500中文字符内。
整个翻译项目的完成时间需要多久？,一个工作日可以完成三千到三千五百字的翻译加校对，针对25000字的文档，大约需要7到8个工作日。
你们公司只提供翻译服务吗？,我们公司不仅提供翻译服务，还包括培训类内容、视频译制翻译（包括听译、配音、配字幕），以及为外企提供的高级别口译服务，如面对政府官员的会议翻译。此外，我们还提供翻译与设计印刷的一体化服务。
客户需要翻译的文件内容属于哪个领域？,客户需要翻译的是技术类文件，具体为设备机械类的说明书或操作手册。
翻译服务是否由当地翻译人员执行？,是的，翻译服务将由越南当地的翻译直接完成。
翻译价格如何计算？,翻译价格依据语言对和文件类型而定，例如英译简体中文为2016元，英译台湾繁体为2291元。
报价是否包含排版？,报价不包含排版费用，排版需额外计费。
翻译完成需要多久时间？,翻译工作确认后，预计三个工作日内完成。
如何提供待翻译的文件？,客户可通过电子邮件或其他指定方式提交原始文件。
如何确保翻译项目的质量和速度？,"1. 公司采用标准化测试流程筛选翻译人才，包括计算机测试和人工翻译测试，确保译员能力。
2. 使用自动化签约流程和专有软件平台，使兼职译员高效工作，所有翻译活动都可追踪。
3. 利用数据公司优势，优化效率，快速处理大型项目，如招投标文档的英译中和中译英。"
翻译价格如何计算？,"1. 英译中和日译中按每千字200元人民币计算。

2. 中译英和中译日按每千字280元人民币计费。

3. 销售助理将为客户报价，无需销售人员计算。"
如何开发客户？,"1. 可以使用公司提供的老客户名单或企查查中的潜在客户信息。
2. 老客户名单中，重点关注近期有业务往来的联系人。
3. 对于一年内未有合同的老客户，进行回访并询问是否有新需求。"
如何利用行业知识寻找目标客户？,"1. 关注医药行业，因该行业产品上市需大量翻译和认证工作。
2. 利用行业知识，如招投标和医药产品认证，识别潜在的大额项目。
3. 主动出击，寻找具有特定翻译需求的行业客户，如医药和工业品。"
如何处理现场录音及后续翻译需求,"1. 现场将使用客户的备用手机进行录音，确保录音质量清晰，便于后期处理。
2. 录音内容将在事后由服务商负责翻译，与以往操作流程一致，并非现场提供翻译服务，而是根据录音文件进行处理。
3. 考虑到现场录音的即时性和真实性，翻译的准确性和细致度可能不如书面翻译，但仍能满足基本沟通需求。"
客户是否需要翻译后的资料进行排版或制作中文版本？,"1. 客户确认翻译完成后，他们将自行处理排版工作。
2. 客户指出，他们的材料通常由总部设计完成，只需添加翻译后的文字。"
客户对于翻译后的材料是否有纸质版的需求？,"1. 客户说明他们只使用电子版，不会制作纸质版。
2. 客户计划将翻译完成的文件交由指定的供应商进行后续处理。"
客户是否愿意考虑一体化服务，包括翻译、排版及印刷？,"1. 销售提到了公司提供从翻译到排版印刷的一体化服务，并强调在质感、色彩等方面有良好掌控。
2. 客户表示目前仅需要翻译服务，但未来如有需求会考虑。"
客户是否愿意通过微信保持联系以便于后续沟通？,"1. 客户同意通过微信进行联系，并表示方便随时交流。
2. 销售建议添加微信，以便于及时沟通。"
客户询问关于账户余额的信息是什么？,1. 客户的账户余额剩余贰元捌角贰分，需要及时进行充值。
销售向客户推荐的翻译软件有哪些特色？,"1. 销售提到的翻译软件可能具有多语言支持，包括中英文。
2. 销售暗示软件可能具备翻译记忆库或术语管理功能，有助于提高翻译质量和效率。"
客户对于翻译计费方式有何疑问？,"1. 客户询问翻译计费方式，特别是关于高度相似文本的折扣政策。
2. 客户似乎对按字数计费的模式有所了解，但不确定如何处理相似度高的内容。"
销售如何解释公司内部费用构成？,"1. 销售解释内部费用与打包价格的关系，表明在特定情况下会采用打包价。
2. 销售提及公司内部可能存在不同部门，如IT部，以及与安徽某公司的合作。"
客户对于折扣优惠的使用条件有何疑问？,"1. 客户询问是否可以选择上次使用的折扣优惠，以及是否可以当作没有使用过。
2. 客户可能担心优惠券或折扣的重复使用限制。"
客户对于翻译质量的反馈途径有何了解？,"1. 客户可以对翻译服务的质量进行评价，通过点击“满意”或“不满意”按钮。
2. 如果选择“不满意”，系统会自动记录译员的质量信用档案，并在下次翻译时避免使用该译员。
3. 客户如果有修改要求，可以在评价时告知，公司将提供免费修改。"
销售如何介绍公司的成功案例？,"1. 销售列举了多个成功案例，包括线上直播解决医学年会、专业词汇匹配、新冠检测FDA审核、药品注册资料快速翻译等。
2. 销售强调了公司技术驱动的特点，如紧急项目双休日完成、机器人领域翻译、新媒体编辑软件使用等。"
销售如何引导客户使用在线订单处理系统？,"1. 销售推荐客户使用网上订单处理系统，便于询价、下单、了解进度和反馈质量。
2. 销统支持大文件上传和下载，方便客户操作。"
客户对于合同支付时间有何特殊要求？,"1. 客户说明因CEO正在路演，签订合同和财务流程需要1-2周和3-4周时间。
2. 客户表示在收到合同后的6周内完成全款支付。
3. 客户请求理解其特殊情况。"
客户如何发送合同给销售？,"1. 客户通过邮件附件的形式发送合同给销售。
2. 客户确认合同已发送。"
销售如何催促客户支付合同款项？,"1. 销售提及有一份合同需要催账，涉及总金额12105元，账龄为-64天，产品为笔译。
2. 销售可能需要提醒客户注意未付的款项和合同状态。"
客户对于翻译文件的具体要求是什么？,"1. 客户要求中译英的翻译工作在2021年10月14日交稿。
2. 客户提醒注意压缩文件中的下层文件夹和Excel表格中的多个sheet，以防遗漏。
3. 客户希望获得最优惠报价，中译英单价不超过250元/千中文字，英译中不超过200元/千中文字。"
你们公司提供哪些服务？,"1. 我们提供翻译、印刷、视频等服务。
2. 我们是翻译印刷一体化的公司。
3. 服务覆盖多种语言，包括小语种。"
你们主要合作的企业类型是什么？,"1. 我们主要合作500强的外资企业。
2. 合作关系长期且稳定。
3. 提到了与3M等企业的合作案例。"
为什么觉得中文内容不需要翻译成英文？,"1. 客户认为中文直述更地道，翻译可能导致信息失真。
2. 强调中文内容直接表述更符合中国国情，无需翻译。"
是否有特定部门对翻译或印刷需求较大？,"1. 客户表示自己没有翻译需求。
2. 对于部门需求未给出明确答案，但提示市场部或采购可能有更多需求的假设被客户否定。"
如何提及与客户的合作历史并询问当前需求？,"1. 直接表达之前合作多年，建立信任基础。
2. 简述服务范围（如翻译、印刷、视频译制）。
3. 询问近期是否有类似业务需求。"
客户如何确定与翻译公司的联系人？,"1.客户可通过服务通知找到企业微信联系人。
2.客户可直接通过电话让销售人员再次发起加微信请求。"
如何向客户展示公司在特定领域的专业性？,"1.提及公司专注于海外项目及其常见小语种需求。
2.分享以往的成功案例增加信任度。"
如何简洁明确地介绍公司服务范围？,"1. 确定服务核心：翻译、印刷、视频译制一体化。
2. 强调服务对象：主要服务于外资企业。
3. 提及合作历史：与客户公司有多年合作经验。"
客户对翻译服务的英文名询问。,"1. 承认记忆上的疏忽，表达歉意。
2. 提供中文名字作为替代，确保沟通继续。
3. 确认客户是否需要英文名进行内部查询。"
客户如何描述自己的公司服务范围？,"1. 提供翻译服务。
2. 承接印刷业务。
3. 视频译制服务。"
客户如何描述当前翻译需求的处理方式？,"1. 内部翻译为主，仅在需要官方印章时外购服务。
2. 双语材料自给自足。"
客户如何处理日常翻译需求？,"1. 对于内部交流，使用AI工具自行翻译。
2. 仅在必要时考虑外部专业翻译服务。"
客户询问公司服务特色是什么？,"1. 强调公司是上海最大规模，市场份额第一的本地化公司。
2. 拥有27年行业经验，专长于翻译、印刷、视频译制等服务。
3. 自有ERP管理系统，确保服务质量与效率。"
如何证明公司的翻译质量与效率？,"1. 与英国公司合作长达15年。
2. 提供一体化翻译印刷服务，保障服务质量和效率。
3. 有ERP管理系统支持，确保项目管理高效。"
客户如何发布翻译需求？,"1. 客户通过公司内网发布翻译需求。
2. 需求由公司统一收集并分配给供应商。"
客户对于供应商选择的参与度如何？,"1. 客户个人不参与选择过程。
2. 决策由公司统一部门执行。"
客户询问合同是否需要签字？,"1. 说明当前合同仅为流程所需，不需客户签字。
2. 强调正式合作时会有需要签字的合同。"
客户如何接收翻译文件？,"1. 提供多种文件发送方式，询问客户偏好。
2. 确认最终发送渠道为微信。"
客户询问公司服务范围。,"1. 提供翻译、印刷、视频译制等服务。
2. 专注于为外企服务多年。"
销售询问客户当前公司业务是否涉外。,"1. 确认客户是否仍从事涉外业务。
2. 推测客户是否仍有翻译等服务需求。"
客户如何处理进口设备技术资料的翻译需求？,"1. 目前进口设备自带中文说明。
2. 小规模需求内部处理，大规模则需外部支持。"
客户询问销售人员来自哪家公司？,"1. 直接清晰地表明公司名称：“我是上海交大施必达的。”
2. 简短解释来电缘由，如之前有联系或跟进事宜。
3. 保持礼貌，询问对方是否方便继续交谈。"
如何应对客户暂时不方便详谈的情况？,"1. 表示理解并道歉：“哦哦那那那不好意思。”
2. 提议合适时再联系：“那我那我过些日子联系您。”
3. 确认客户同意后续联系的时间。"
客户询问翻译服务的等级划分及差异。,"1. 翻译服务分为普通译员、国外译员、国内外结合润色、专家级翻译四级。
2. 不同等级对应不同价格和服务质量，如母语翻译价格较高但质量保证。
3. 可根据客户需求调整翻译级别，满足不同场合使用。"
销售询问翻译文件的字数及收费方式。,"1. 以500或1000个中文字符为起算单位。
2. 字数多会导致价格差异更明显。
3. 合作频率会影响定价策略。"
客户询问公司服务范围。,"1. 提供翻译、印刷、视频印制等服务。
2. 服务于众多外资企业。"
客户询问德语和英语翻译价格是否一致。,"1. 表示价格有细微差别，会根据具体内容和难度报价。
2. 强调与客户过往合作，价格政策维持不变。"
客户询问我们是哪家公司推荐的？,"1. 明确告知是由阿里巴巴国际部推荐。
2. 强调因推荐才获得客户联系方式。"
客户询问公司服务特色或优势是什么？,"1. 强调公司是上海最大、服务最优的翻译服务提供商。
2. 提及长期稳定的合作历史，包括参与客户公司的国际项目。
3. 突出技术翻译的专业能力。"
客户询问是否有与同行业知名企业的合作案例？,"1. 确认与多个行业巨头合作经历，但需避免提及自身公司名称。
2. 可列举医药、化工、制造等领域的合作案例，不直接说出具体公司名。
3. 强调过往合作增强了对行业专业术语的理解和服务质量。"
客户询问翻译价格差异时，应如何说明？,"1.明确告知语言间的成本差异，如德文翻译成本高于英文。
2.建议优先考虑成本较低的英文翻译，前提是满足需求。
3.强调最终报价需综合考虑翻译量、设计排版及印刷等因素。"
客户如何描述自己的公司服务范围？,"1. 提供翻译服务。
2. 提供印刷服务。
3. 提供视频制作服务。"
客户询问公司服务范围时如何回答？,"1. 提及包括笔译、口译、印刷、视频译制在内的综合服务能力。
2. 强调长期为各类企业提供专业解决方案的经验。"
客户对翻译质量有疑虑，尤其是专业术语的准确性。,"1. 公司将为客户建立专属的术语库，提高翻译准确性。
2. 公司采用自主研发ERP系统，确保翻译质量和稳定性。"
客户如何选择翻译服务供应商？,"1. 通过供应商系统，遵循正规流程筛选。
2. 已有供应商需经过招标等程序入库。
3. 合作基于长期稳定性和流程合规性。"
如何询问客户与公司的过往合作详情？,"1. 回顾以往合作时间起点，如“我们零九年最早就合作了”。
2. 提及合作起始服务，如“最早是从翻译开始”。
3. 展示对客户历史的了解，增强信任感。"
客户表示不再需要服务时，如何礼貌回应并尝试了解新情况？,"1. 表示理解并感谢以往合作。
2. 询问客户当前职业状况或可能的新需求领域。
3. 邀请客户如有未来需要或能引荐时考虑自己。"
如何应对客户询问当前是否有翻译服务需求？,"1. 直接告知当前无需求。
2. 引导联系采购部门探讨加入供应商列表的可能。
3. 解释当前业务模式变化，如内部已有同传供应商。"
客户询问之前合作的具体服务内容是什么？,"1. 提供翻译服务，包括文件翻译等。
2. 印刷服务，可能涵盖宣传材料等。
3. 同传设备租赁，支持会议交流。"
客户如何能被推荐加入供应商库？,"1. 通常在有具体业务需求且与供应商有过成功合作记录时。
2. 总公司负责供应商库的审核与更新。"
客户是否需要将营业执照上的图章进行翻译？,"1. 客户表示图章上并无实质内容，因此无需翻译。
2. 销售确认图章翻译通常不包含在常规翻译服务中，除非客户有特别需求。"
客户对于翻译件的交付时间和形式有何要求？,"1. 销售询问客户需要翻译件的时间，以便安排工作计划。
2. 客户并未直接回答，但销售应理解为需及时报价以便客户考虑。"
客户最终选择了哪个供应商进行翻译服务？,"1. 客户选择了另一供应商，因为价格上存在轻微差异。
2. 销售表达了对失去合作机会的遗憾，并承诺维持良好关系，期待未来合作。"
客户对翻译服务的具体需求和价格确认是如何沟通的？,"1. 客户通过邮件确认了以7500元的价格开始翻译工作。
2. 销售随后确认了客户的需求，并承诺按时完成翻译工作。"
客户询问翻译机构是否需要满足法院特殊要求？,"1. 通常法院要求翻译机构具备相应资质。
2. 特殊情况下可能指定机构，但本次无此需求。
3. 确认自身资质符合法院通用标准。"
如何确认翻译文件的语言方向和类型？,"1. 明确翻译源语言为英文。
2. 翻译目标语言为客户指定的中文。
3. 确认翻译文件具体为出生证和结婚证。"
客户询问以往合作历史时，应如何回应？,"1. 确认之前的合作关系，提及具体项目或时间点增加信任度。
2. 强调长期合作关系，表达对客户价值的认可。
3. 适时询问对方印象，开启对话。"
法院对翻译公司的具体要求是什么？,"1. 需要是专门从事翻译工作的公司。
2. 公司名称应明确体现翻译业务。
3. 翻译件需由有资质的翻译公司，如上外翻译公司提供。"
为什么客户的营业执照不被法院接受？,"1. 经营范围涉及过多非翻译业务。
2. 法院倾向与专注于单一业务的翻译公司合作。"
客户询问我们公司的主要服务范围是什么？,"1. 我们提供翻译、印刷一体化服务，特别是为外资企业。
2. 服务包括文件翻译、设计印刷，满足多语言交流需求。"
如何提及与客户的过往合作以建立信任？,"1. 直接称呼对方并提及过去合作经历。
2. 表达了解对方已变动的情况，展现对客户的关注。"
客户询问公司是否仍有翻译需求？,"1. 目前翻译需求极少，几乎内部消化。
2. 公司业务性质转变，导致对外翻译需求减少。"
客户询问翻译一篇5000字左右的SCI论文至英文的价格。,"1. 价格取决于技术难度和字数。
2. 大约5000字的翻译费用可能在一千多元。"
客户如何描述以往的合作内容？,"1. 客户提及自2007年起与日立咨询有长期合作，提供翻译和印刷服务。
2. 强调合作持续至2020年，且服务涵盖英中、英日翻译。
3. 提到因公司内部结构变动，原本由上海分部处理的业务现需联系北京总部。"
客户希望重启合作的具体服务类型是什么？,"1. 客户希望探讨翻译服务的继续合作。
2. 表达了对印刷服务需求的关注，尤其是了解到总部负责此类采购后。
3. 暗示公司也能提供礼品等其他相关服务。"
客户提到现在使用免费工具处理翻译，如何回应以突出专业服务的优势？,"1. 强调专业团队对行业术语的准确把握。
2. 提及定制化服务，适应特定情境需求。
3. 确保质量控制流程，保证最终交付物的专业度。"
如何询问客户公司内部其他部门的潜在需求？,"1. 间接询问部门架构和负责人。
2. 引入公司多样服务，如市场活动支持。
3. 请求推荐或提供帮助接触相关部门。"
客户如何描述当前翻译需求的变化？,"1. 客户表示翻译需求极低，几乎为零。
2. 内部团队已能够处理所有日语翻译工作。"
客户如何决定选择翻译服务提供商？,"1. 根据项目需求的专业性选择服务商。
2. 决策过程综合考量，不单一依赖某标准。
3. 需求出现时会评估，非预设合作流程。"
客户可能会问过去合作的具体项目有哪些？,"1. 提及具体年份的合作，如“我们在200X年开始为贵司提供翻译服务，包括技术文档和市场资料的翻译。”
2. 强调服务范围，“还包括印刷制品，如年度报告、宣传册，以及会议所需的设备租赁。”"
客户可能会问如何保证翻译质量？,"1. 强调专业团队，“我们拥有各领域专家级译员，确保术语准确无误。”
2. 说明质量控制流程，“每项翻译作品均经过校对和审稿，确保语言流畅且符合文化语境。”"
如何应对客户提出应联系其他部门的情况？,"1. 表示理解和尊重，感谢客户指路。
2. 确认目标部门名称及联系方式。
3. 询问是否可以推荐或代为转达。"
客户对于翻译项目的具体要求是什么？,"1. 客户要求中译英翻译，交稿日期为2021年10月14日。
2. 客户强调注意压缩文件中下层文件夹中的文件及Excel中多个sheet，确保无遗漏。
3. 客户希望单价中译英不超过250元/千中文字，英译中不超过200元/千中文字。"
客户对合同支付流程有何特殊要求？,"1. 客户公司CEO正在进行路演，签署合同需要1-2周，财务流程需要3-4周。
2. 客户表示尽管时间紧迫，预付款和尾款都能按时支付。
3. 客户请求在合同拿到后6周内完成全款支付，希望得到理解。"
销售如何回应客户关于翻译质量的顾虑？,"1. 销售提供了成功案例，包括线上直播解决方案、专业词汇匹配、FDA审核感谢信等，展示公司实力。
2. 销售介绍了技术驱动的翻译优势，如紧急项目快速完成、机器人领域翻译等。
3. 销售邀请客户对翻译服务进行评价，承诺提供免费修改服务，确保客户满意度。"
销售如何处理客户关于翻译计费方式的疑问？,"1. 销售解释了高度相似文本的计费方式，可能与客户预期不同。
2. 销售提及了公司内部费用结构，以及打包价的适用场景。
3. 销售澄清了服务范围，包括额外需求的处理方式。"
客户可能会问，你们与其他翻译公司的区别是什么？,"1. 我们是翻译、印刷、视频译制综合服务提供商，一站式解决客户需求。
2. 在翻译行业和印刷行业享有最佳口碑，服务质量有保障。
3. 服务过众多知名企业，经验丰富，能满足高标准翻译需求。"
你们能否提供多语种翻译服务？,"1. 支持中文稿翻译成全球各国语言。
2. 拥有多语言专业翻译团队，确保翻译质量与准确性。
3. 快速响应翻译需求，适应紧急稿件处理。"
如何应对已离职的客户联系人？,"1. 表示理解并感谢以往合作。
2. 询问是否有合适的继任者推荐。
3. 保持礼貌，寻求未来可能的合作机会。"
客户询问公司具体业务范围时如何清晰回答？,"1. 确切表述公司主营业务，如“我们专注于翻译服务，包括文档翻译、大型会议口译以及印刷服务。”
2. 强调业务特色和优势，“作为上海市场规模最大、市占率领先的本地翻译公司，我们拥有丰富的项目经验。”
3. 提及合作案例增加可信度，“曾与多家知名企业合作，涵盖各个行业领域。”"
如何礼貌询问并确认客户身份？,"1. 自报家门，如：“您好，我是XX公司的小张。”
2. 直接而礼貌地询问：“请问您是负责XX部门的XX经理吗？”
3. 根据反馈灵活调整对话方向。"
如何表达与客户的历史合作关系并探寻当前需求？,"1. 提及早期合作时间点，如“最早的话零几年就合作了”。
2. 表达希望了解并重启合作的愿望，询问特定部门联系方式。
3. 强调服务范围，包括翻译、印刷、视频译制等。"
如何应对客户表示内部已能处理翻译需求的情况？,"1. 强调专业性和效率，说明外包在大规模项目中的优势。
2. 提供增值服务，如快速响应、专业校对、多语种服务。
3. 探讨未来可能的复杂项目合作。"
客户表示已离职，销售人员应如何应对？,"1. 表示理解并感谢以往合作。
2. 询问客户现职业状况，探索新合作可能。
3. 请求加入个人微信保持联系。"
如何在客户无直接需求时保持联系？,"1. 表达希望未来合作的愿望。
2. 请求添加社交联系方式。
3. 提及业务扩展，暗示更多合作可能。"
如何向客户表达公司在上海翻译行业的领先地位？,"1. 强调公司在上海翻译行业已有27年经验。
2. 提及公司规模为上海最大。
3. 突出长期服务外企五百强客户。"
如何确保翻译质量？,"1. 拥有ERP管理系统确保翻译质量。
2. 一体化服务覆盖翻译至印刷全过程。
3. 统一接口提高项目管理效率。"
客户如何描述他们当前翻译工作的处理方式？,"1. 使用AI技术处理翻译任务。
2. 大部分大部头翻译工作已内部解决。"
客户询问服务具体内容时如何清晰回应？,"1. 简洁明确说明服务类型，如“我们提供笔译、口译、印刷、视频制作等一站式解决方案。”
2. 强调服务特点或优势，例如“我们的翻译团队擅长行业术语精准转换，印刷服务快速高效。”"
客户询问为何应选择我们公司的翻译服务？,"1. 强调公司规模——上海最大。
2. 市场份额第一。
3. 服务扩展至翻译、展台搭建、礼品策划等。"
客户询问是否只提供英文翻译服务？,"1. 提供全球所有语言翻译服务，包括小语种。
2. 有丰富的多语言翻译经验，能满足多样化需求。"
如何证明是行业内最佳的翻译服务提供商？,"1. 强调与众多五百强企业的长期合作关系。
2. 提及具体客户案例，如三M、拜耳、日本住友等。
3. 保证服务、质量和价格上的综合优势。"
客户询问关于公司翻译服务的专业领域覆盖情况。,"1. 强调公司提供多语种、多领域的笔译服务。
2. 举例说明服务过的企业及项目类型，如技术手册、法律文档等。
3. 提及有专业背景的译者团队。"
客户对于非主营业务的推销态度如何？,"1. 客户直接拒绝，表示不做翻译业务。
2. 强调公司专注点，重申只做弓箭产品。"
客户是否有内部处理国际事务的能力？,"1. 客户拥有国际中心。
2. 内部可消化所有涉外文件翻译需求。"
客户之前使用过我们的哪些服务？,"1. 提及以往的翻译服务合作。
2. 引入新增服务项目探讨。"
如何应对客户公司严格的实名转接制度？,"1. 请求客户提供部门总机或建议最佳联系方式。
2. 询问是否可代为转达信息或查询正确的联系人信息。
3. 提议通过电子邮件等间接方式建立初步联系。"
如何在不清楚对方具体姓名时尝试获取联系人信息？,"1. 提供英文名及拼音尝试匹配。
2. 请求客户根据提供的信息搜索内部系统。
3. 若信息错误，迅速更正并重新提供。"
贵司是否曾为知名企业提供过翻译服务？,"1. 强调公司服务过众多知名企业，如未提及具体名称则可表述为“众多行业领军企业”。
2. 提及服务范围广泛，包括金融、制造等多个领域。
3. 表达有能力根据客户需求定制解决方案。"
客户询问翻译服务的具体流程？,"1. 首先，我们会详细了解您的翻译需求，包括语种、文件类型和截止日期。
2. 然后，我们会安排专业领域内的译员进行翻译，并由质量控制团队进行校对。
3. 最终，按时交付审核无误的译文，并提供后续的修改支持。"
客户询问公司是否有特定行业或公司的合作案例？,"1. 强调与客户所在公司（中国银联）长期合作历史。
2. 提及服务范围包括小语种翻译，如巴布亚新几内亚语。"
销售如何引导客户考虑小语种和专业文件的翻译需求？,"1. 强调专业翻译公司在特殊语言和技术文件上的优势。
2. 提及以往合作案例，如操作手册翻译。
3. 突出公司处理大型项目和复杂文件的经验。"
如何礼貌地询问联系人是否在职？,"1. 直接提及联系人姓名及之前的合作背景。
2. 询问时使用敬语，如“之前与我们合作过的XX先生/女士还在贵公司吗？”"
客户建议直接联系某人手机时，如何恰当回应？,"1. 表示感谢客户的建议。
2. 确认手机信息，避免错误。
3. 询问是否方便提供或确认号码。"
如何提及与客户的合作历史以建立信任？,"1. 明确指出合作时间段：“从零五年一直到一二年”。
2. 突出服务范围：“笔译、印刷、视频译制”。
3. 强调合作深度：“很多这种合作协议，包括新闻稿”。"
如何强调公司行业地位以增加信任度？,"1. 直接说明公司在上海地区的排名情况。
2. 引用公司成立时间，增强历史积淀感。"
客户询问公司服务范围包括哪些？,"1. 提供翻译服务。
2. 包含印刷服务。
3. 视频一站式服务。"
如何介绍公司市场地位以增强信任感？,"1. 强调公司为上海规模最大的本地化翻译公司。
2. 提及拥有最大市场份额。"
如何向客户简述公司服务范围？,"1. 强调一站式服务，包括翻译、印刷、视频制作。
2. 提及可根据客户需求定制服务方案。"
如何应对流动性办公模式下客户无法提供详细内部信息的情况？,"1. 询问是否有官方推荐的联系方式或建议查看官网。
2. 提出通过邮件形式发送服务介绍和合作意向至公开邮箱。
3. 保持耐心，请求客户在可能的情况下提供最少的联系线索。"
如何礼貌地询问客户是否可加入其微信以保持联系？,"1. 表达目的，说明加微信是为了更便捷沟通及分享最新信息。
2. 强调尊重，确认客户是否方便，不强求即时回复。"
客户询问我们服务的具体范围是什么？,"1. 我们主要提供多语言翻译服务，包括技术文档、商务合同等。
2. 还包括各类印刷品的设计与制作，如宣传册、样本印刷。
3. 视频制作与翻译也是我们的强项之一。"
如何确保翻译质量？,"1. 我们的翻译团队由各领域专家组成，确保术语准确性。
2. 采用双重校对制度，每份稿件都会经过资深编辑审阅。
3. 长期合作客户反馈良好，质量管理体系严格。"
客户询问我们与其他律所合作的历史案例有哪些？,"1. 强调与多家知名律所成功合作的翻译及印刷项目。
2. 提供具体案例，如“我们曾为华东设计院完成多份涉外合同的翻译工作。”"
如何提高销售团队的目标定位准确性和效率？,"1. 销售团队应集中精力于大项目，通过项目导向的方式寻找有价值的客户。
2. 电销部门负责收集和整理目标公司及项目信息，提高销售团队的前期准备工作效率。
3. 销售主管应与电销部门紧密配合，确保销售策略与目标定位一致。"
在寻找大客户和有价值的项目时，应该关注什么？,"1. 应该关注项目本身而非公司的大小或名声，关键是项目是否有价值。
2. 通过互联网搜索和筛选信息来发现商机，特别是关注财经类新闻，因为大型国企的重要动向通常会在此类新闻中报道。"
如何利用新闻报道来获取有价值的信息？,"1. 新闻报道中可以获取公司名、项目地点、项目规模、遇到的困难等信息。
2. 上市公司的重要信息变动需公开披露，因此可以通过新闻报道了解到这些公司的动态。"
在跟踪项目时，如何有效进入目标公司？,"1. 通过掌握公司内部项目信息，可以表明对公司的深入了解，增加信任感。
2. 利用新闻报道中的信息作为切入点，例如提及特定项目，以便更容易接触到目标公司的相关人员。"
大型国企的海外活动对翻译服务意味着什么？,"1. 大型国企的海外活动，如收购、项目实施等，会产生大量的翻译需求，包括法律文件、合同、技术文档等。
2. 这些需求不仅限于英语，还包括目标国家的语言。"
如何评估一个项目是否可能带来翻译需求？,"1. 项目涉及跨国合作、技术引进或海外投资时，几乎必然伴随翻译需求。
2. 项目规模越大，涉及的文档越多，翻译需求也越大。
3. 上市公司因需公开披露信息，其项目往往伴随着大量翻译工作。"
如何利用公司上市的信息来寻找翻译需求？,"1. 公司上市或海外上市时，需要翻译大量文件，包括财务报表、公司介绍、高管简历等。
2. 上市公司定期披露的重要信息也需要翻译。"
如何有效利用电销团队寻找大客户？,"1. 电销团队应转型为市场部，专注于收集有价值的目标公司和项目信息。
2. 每天收集财经新闻，从中筛选出目标公司和项目，录入系统并分配给电销人员跟进。
3. 电销人员每人每天负责跟进三个项目，直到找到负责人。"
如何确保电销团队聚焦于有价值的客户？,"1. 电销团队应专注于大型项目和有海外活动的公司，避免浪费精力在小项目上。
2. 通过跟踪新闻中的项目信息，确保电销团队的跟进目标都是有实际需求的大客户。"
如何应对客户内部已有翻译资源的情况？,"1. 强调公司专业服务范围广泛，包括高难度翻译及印刷一体化解决方案。
2. 提供案例展示超越常规翻译的增值服务，如法律专业术语精准翻译。
3. 建议对于特别紧急或高度专业的项目考虑外部合作。"
如何应对客户工作变动的情况？,"1. 确认客户的新工作信息。
2. 表达理解并保持积极态度。
3. 询问新岗位相关业务需求。"
客户询问我们是否曾与他们公司合作过？,"1. 确认合作历史，提及具体部门如“之前与您公司的工程部合作过翻译项目”。
2. 强调长期合作关系，“我们与贵公司合作多年，服务过多个部门”。"
客户提到“国际中心内部消化翻译业务”意味着什么？,"1.客户的“国际中心”可能拥有内部资源或团队来处理翻译需求。
2.这表明客户可能对翻译服务有持续的需求，但倾向于使用内部资源。
3.需提供多语种或紧急项目支持的可能"
在与客户重新接触时，如何平衡客气与效率？,"1.开场时要客气，但不应过于冗长，以免浪费客户的时间。
2.在表达完礼貌后，迅速过渡到主题，提出具体问题或建议。
3.确保每次沟通都有实质性的内容，避免不必要的寒暄，从而提高效率。"
在销售跟进中，如何通过提问技巧挖掘客户潜在需求？,"1.不直接问是否有需求，而是问遇到特定问题时的解决方案，促使客户分享实际经验。
2.询问客户在海外项目中遇到的语言障碍及解决方式，间接了解其翻译需求。
3.如果客户提及由其他同事负责相关事务，进一步询问该同事的联系方式或职责范围。"
如何判断一个部门是否是销售跟进的重点目标？,"1.检查部门是否曾使用过公司的翻译服务，表明可能有持续的需求。
2.确认部门是否参与海外项目，海外业务往往伴随着翻译需求。
3.调查部门规模和职能，特别是与翻译或语言服务直接相关的团队。"
在销售跟进中，如何制定有效的下一步行动计划？,"1.定义清晰的跟进时间，如培训官提到的“下次跟进时间是第三天”。
2.设定具体的问题列表，用于了解客户公司的内部结构和需求。
3.制定软化策略，通过邮件跟进维持联系，等待合适的时机。"
国际中心和海外项目部的现状如何？,"1. 国际中心可能挂靠在现代咨询下，具体负责人未知。
2. 海外项目部在疫情期间存在，之后的状态不明。"
客户询问公司服务范围时如何回答？,"1. 提及翻译、印刷、视频译制等主要服务。
2. 强调服务对象覆盖多行业企业。
3. 可简述成功案例增加说服力。"
如何在开场白中既表明身份又引起客户兴趣？,"1. 简短介绍自己及所属机构。
2. 引用与客户公司过往合作经历。
3. 直接询问当前是否有相关需求。"
客户内部已建立翻译服务，如何应对？,"1. 了解内部服务的局限性，如语言覆盖、专业领域或响应速度。
2. 强调自身服务的独特卖点，如高质量、快速响应或特殊语言能力。
3. 探讨互补合作模式，如高峰期支持或特定项目外包。"
客户询问公司服务范围时如何回应？,"1. 强调提供翻译、印刷、视频译制综合服务。
2. 举例说明服务覆盖的多样性，如多语种翻译、专业文档印刷、多格式视频制作等。
3. 突出公司一站式解决方案的优势。"
客户可能会问我们是否有在能源行业服务的经验？,"1. 我们服务过众多能源企业，包括参与国际项目的公司。
2. 特别是在翻译和印刷服务上，我们与外企长期合作，质量上乘。"
客户如何获取翻译服务的招标信息？,"1. 通过公司电子平台查看招标公告。
2. 公告将在近几天内发布。"
招标信息会在哪个平台发布？,"1. 发布在中国有色金属股份有限公司官网平台上。
2. 信息对中国互联等公众平台可见。"
客户询问公司服务范围和专长？,"1. 强调提供翻译、印刷服务，特别是专业技术和多语言处理能力。
2. 提及与众多五百强企业的长期合作关系，展示公司实力和经验。
3. 突出ERP系统确保翻译质量和快速交付时间。"
销售如何探求客户是否有国际业务相关的翻译需求？,"1. 询问客户是否参与国际招投标或处理外语文档。
2. 引导思考特定场景如技术手册翻译的必要性。
3. 提及公司擅长小语种和技术文档翻译，作为独特卖点。"
客户询问如何处理临床方案、注册资料等翻译印刷需求？,"1. 目前与特定供应商合作，但负责人信息需查询。
2. 提议添加微信以便后续分享供应商信息。"
客户询问公司服务范围包括哪些？,"1. 提供翻译服务。
2. 印刷服务。
3. 视频译制服务。"
如何进入医疗行业外企的供应商库？,"1. 了解目标公司采购流程及现有供应商情况。
2. 突出自身产品或服务的独特性和优势。"
如何应对客户表示公司已自建翻译系统的情况？,"1. 询问自建系统的覆盖范围和局限性。
2. 推介特色或高端服务，如专业领域翻译、紧急项目快速响应。
3. 提出作为备份供应商的价值，应对系统无法处理的特殊情况。"
如何在不能获取个人联系方式时建立联系？,"1. 请求发送官方邮箱信息。
2. 提议通过公司邮箱初步交流。
3. 强调邮件内容的价值性。"
客户之前咨询过的服务是什么？,"1. 客户之前咨询的是一个返还项目。
2. 此项目涉及到与思密达翻译的合作。
3. 项目未实施是因为时间问题。"
思密达翻译目前主要为客户提供哪些类型的翻译服务？,"1. 翻译服务涵盖研发同事的需求。
2. 包括AV材料和米亚工程项目等。
3. 实验室法文翻译需求较多。"
如何应对客户内部已有翻译资源的情况？,"1. 强调自身在专业领域、大规模项目或紧急任务上的处理能力。
2. 提供增值服务，如快速响应、质量保证、专业校对等。
3. 探讨合作而非替代，提出作为内部团队补充的方案。"
国际中心是否有合作需求？,"1. 国际中心可能有翻译和其他服务的需求。
2. 客户不确定具体需求，但答应帮忙询问。"
海外项目部现状如何？,"1. 海外项目部可能仍然存在，但具体情况不明。
2. 客户会帮忙询问海外项目部的最新情况。"
如何证明与客户公司的长期合作关系？,"1. 强调与客户材料科及其他部门如核电视、技术室的长期合作历史。
2. 提及具体年份，如2000年代至2017年间持续服务。
3. 可提供过往合作项目的实例或客户评价作为证明。"
客户询问我们是否与他们公司有过合作历史？,"1. 确认合作历史：“是的，我们上海交大势必达十年前就与贵公司多个部门建立了合作关系。”
2. 强调长期合作价值：“我们的长期合作见证了彼此的成长，希望能继续为贵公司提供服务。”"
客户问为什么在已有AI技术时还需要人工翻译和印刷服务？,"1. 人工翻译能确保文化敏感性和专业术语准确性。
2. 定制化印刷品在品牌呈现上更显专业和个性化。"
如何处理联系人已退休的情况？,"1. 询问退休人员能否推荐在职联系人。
2. 请退休人员确认目前负责相关业务的部门或个人。
3. 表示理解并感谢其帮助，礼貌结束通话。"
客户对公司翻译服务的不满主要集中在哪个方面？,"1. 专业术语翻译不一致，需要多次校对。
2. 过去翻译人员的频繁变动影响了翻译质量。"
我们有哪些成功合作的案例？,"1. 与葛洲坝集团多年合作。
2. 与中国电力工程顾问合作。"
客户询问翻译服务如何收费？,"1. 根据文件的专业程度定价。
2. 考虑文件字数决定最终费用。"
如何提议与客户建立长期合作关系？,"1. 提议面谈讨论长期协议细节。
2. 强调长期合作的优惠与定制化服务。"
如何在客户有固定供应商时展示自身优势？,"1. 强调以往合作经验及良好反馈。
2. 提供具有竞争力的价格或质量保证。
3. 展示最新技术或服务升级。"
客户对于服务提供商的历史合作记忆模糊时，如何唤醒记忆并建立信任？,"1. 提及具体项目或服务成果，如“MSDS文件翻译”、“工厂评估报告”。
2. 强调长期合作关系：“我们之前与贵司合作多年，特别是在翻译和印刷领域。”
3. 表达持续关注：“注意到贵司官网更新，想了解是否有新需求。”"
客户如何描述公司内部结构及翻译需求的处理流程？,"1.公司分为不同BU，每个BU负责特定领域，如安全健康环保由特定部门对接。
2.翻译需求尤其是技术性或新业务，建议联系总部。
3.Bruce所在部门主要负责工厂内部事务，不直接负责翻译采购。"
客户询问过往合作详情时如何回应？,"1. 确认合作历史，提及具体项目或服务内容。
2. 强调以往合作的成功经验及客户反馈。
3. 表达愿意继续提供优质服务的意愿。"
如何在不清楚客户具体职位时礼貌询问其负责领域？,"1. 先表达歉意，解释由于信息更新可能存在的误差。
2. 询问对方是否能简要介绍自己的职务或所在部门，以便提供更相关的服务信息。
3. 强调目的是为了更好地服务和对接，确保沟通的高效性和针对性。"
客户Alice对于翻译项目的质量和及时性有何具体要求？,"1）Alice期望翻译工作能够快速完成，同时保证准确性。
2）Alice关心翻译过程中的加班安排，担心可能影响质量。"
客户对翻译项目的质量有何反馈？,"1.客户Alice对之前翻译的灭菌文件表示满意，认为翻译质量OK。
2.客户关心翻译的及时性和准确性，尤其是文字部分的重要性高于表格。"
如何提醒客户关于过去的业务合作，以期重建联系？,"1. 通过提及具体项目细节，如翻译的特殊语言需求、赠送的便签本等。
2. 引用共同认识的人或项目，如“Tiffany”或“孙美玉”。
3. 提及对方可能忘记的互动，如邮件发送的快递单号。"
如何请求客户引荐至相关部门或采购？,"1. 明确表达寻找对接人的困难。
2. 强调过去合作基础，期望延续合作关系。
3. 请求客户通过正式邮件引荐，并提供公司最新项目信息。"
如何利用官方网站获取目标联系信息？,"1. 寻找“Contact Us”或“关于我们”等页面，获取机构的总机电话、邮箱等公开联系方式。
2. 搜索工作人员信息页面，如“our team”，获取个人职位及可能的邮箱格式。
3. 通过职位名称推断联系人可能负责的业务范围，针对性联系。
4. 如遇通用邮箱，尝试推理或查找个人邮箱格式，以提高沟通的针对性和效率。"
销售如何证明其公司的专业性和可靠性？,"1. 强调公司多年服务经验。
2. 提到ERP系统管理翻译记忆库，确保翻译质量。"
客户询问过往合作详情时，如何有效回应？,"1. 确认合作历史，提及具体项目或时间增加可信度。
2. 强调双方合作的积极成果，如按时交付、质量满意等。
3. 表示希望延续良好合作关系，探讨未来可能的合作机会。"
如何提及与客户的合作历史以增进信任？,"1. 直接表达之前有接触并服务过客户公司多个部门。
2. 提及公司为上海最大翻译印刷一体化公司，增加权威性。
3. 强调之前的联系与合作经历，唤起客户的记忆。"
客户对信息保密的具体要求是什么？,"1. 客户要求不得对外宣传任何合作细节，包括HRC(E)项目。
2. 即使是对内，也禁止向公司其他部门透露。
3. 强调过去使用的资料同样不可对外公开。"
客户是如何收费的？,"1.根据稿件类型和字数收取翻译费。
2.报价包含翻译和排版服务。"
如何在无法直接联系目标人物时获取其联系方式？,"1. 询问当前接线人是否能提供邮箱或建议合适的联系渠道。
2. 提出未来时间再次来电咨询的请求。
3. 通过公司网站、社交媒体等公开资源搜寻信息。"
客户是否仍然从事食品板块的工作？,"1. 客户确认仍在食品板块工作。
2. 提及关注食品专利信息。"
产品名是否需要翻译？,"1）产品名已标准化，无需翻译。
2）应专注于产品特征的翻译。"
公司提供哪些类型的翻译服务？,"1）我们提供多语种翻译服务，包括但不限于英语、日语、欧洲语言以及乌克兰语、土耳其语等小语种。
2）除了口译，我们还擅长笔译，能够满足各种翻译需求。"
客户公司如何处理笔译需求？,"1）客户公司的笔译需求不固定，由各部门根据需要自行解决。
2）海外部有专门人员处理外语需求，其他部门较少有对外合作。"
如何应对客户不记得过往合作的情况？,"1. 提醒具体合作项目或时间点。
2. 表示理解，转而介绍当前服务优势。
3. 通过共同认识的人或事件建立联系。"
如何引导客户提出具体翻译需求？,"1. 提及客户过往咨询的翻译需求。
2. 强调公司在此领域的成功案例。
3. 建议从试译小部分开始合作。"
销售如何引导客户想起之前的业务合作？,"1. 提及与客户公司的具体合作项目或成果。
2. 引用过去合作中的关键人物或事件增加熟悉感。
3. 说明服务升级或新增服务项，激发客户兴趣。"
客户询问公司服务范围包括哪些？,"1. 提供翻译、印刷等本地化服务。
2. 服务涵盖多语言翻译、专业文档印刷等。"
客户提到翻译软件普及对公司翻译需求的影响是什么？,"1.减少了对外部翻译服务的依赖。
2.日常文件翻译内部即可完成。"
客户询问公司服务范围及特色。,"1. 提供翻译、印刷、视频制作等多种服务。
2. 强调公司为上海市规模最大本地化翻译公司。"
销售询问客户当前翻译服务的供应商选择标准。,"1. 询问客户是否考虑过外部供应商的专业性。
2. 探讨成本效益比对于客户的重要性。"
MSDS文件在翻译工作中扮演什么角色？,"1. MSDS文件提供化学品的安全信息，对于翻译化学品相关的标签至关重要。
2. 它包含物质成分、健康危害、急救措施等关键信息，确保翻译准确无误。"
客户如何评价当前服务商的服务质量与价格？,"1. 客户认为总体服务可以接受，合作顺畅；
2. 提及价格方面认为略高。"
如何向客户介绍公司一体化服务的优势？,"1. 强调快速响应，拥有专职翻译团队；
2. 提供翻译、排版、编辑一体化服务，提高工作效率；
3. 适合有紧急及批量翻译需求的客户。"
销售如何在电话中介绍自己并重申过去的业务联系？,"1.使用礼貌问候语，如“下午好”。
2.明确自我介绍，包括公司名称和职位。
3.提及之前的业务合作，如“我们有合作过像翻译方面的这个业务的”。"
当客户指出需求应由其他部门处理时，销售如何回应？,"1.认可客户的说明，避免争论。
2.询问是否知道相关部门负责人信息，表达愿意与之联系的意愿。
3.保持专业态度，如“嗯嗯，您说的是andrew吗？”"
如何提议建立更直接的联系渠道？,"1.提出直接联系的便利性，如“你要是方便的话，可以以后有这种单独的需求，你直接跟我说”。
2.请求添加联系方式，如微信。
3.保证后续跟进的高效，如“因为我tif你现在是我的leader”。"
如何在客户表示没有需求时探寻其未来可能的项目或兴趣点？,"1. 表示理解并尊重现状，同时表达愿意成为备选供应商的意愿。
2. 询问是否有即将开展的项目或计划，以便提前准备服务方案。"
客户现在所在公司对于翻译的需求如何？,"1.客户表示目前翻译需求不高，使用较少。
2.产品部门可能自行完成部分翻译任务。"
销售公司如何应对AI工具对翻译业务的影响？,"1.尽管AI工具带来挑战，销售公司仍能提供优质的人工翻译服务。
2.公司历史悠久，服务质量得到认可。"
如何在未找到直接联系人时礼貌询问正确联系信息？,"1. 先表达歉意并确认对方身份不符。
2. 简单介绍自己及来电目的，不深入讨论业务细节以免造成困扰。
3. 询问能否提供或转接至正确的联系人。"
客户对于公司与中石化上海工程公司的历史联系了解多少？,"1. 销售解释了客户公司前身与中石化上海工程公司的关系。
2. 销售提到了自己的经历，包括在SATE的工作，以及与客户公司前身的早期合作。"
客户是否考虑重新联系中石化上海工程公司？,"1. 客户表示会考虑重新联系中石化上海工程公司。
2. 客户将核实是否有其他销售人员正在跟进。"
客户询问目前是否有特定服务需求时如何回应?,"1. 明确告知当前需求状态，即使无需求也保持友好态度。
2. 提示未来可能的需求时间点，为后续跟进留下空间。
3. 提供联系方式便于未来通知（如微信、邮件）。"
客户询问为何再次联系时，如何有效回应并引入过往合作经验？,"1. 确认客户身份，友好打招呼后迅速回顾双方合作历史，建立信任感。
2. 强调之前合作的成功案例或项目，唤醒客户记忆中的正面体验。
3. 表达希望继续服务的意愿，简述当前联络的目的，可能是更新服务、优惠活动或新产品推广等。"
公司是否涉及签证办理服务？,"1. 公司不直接办理签证，但可提供签证所需文件的翻译服务。 
2. 需要区分翻译服务与办证流程的不同。"
本次培训内容是关于哪种产品的翻译服务？,"1. 本次培训主要围绕笔译服务，特别是针对MSDS（Material Safety Data Sheet，材料安全数据表）的翻译工作。
2. 讨论中提及的服务不仅包括笔译，还有口译，但重点在于MSDS的笔译项目。
3. MSDS翻译服务于化工、医药、器械等行业，用于说明产品成分的安全性，是这些行业中的必需文件。
4. 翻译案例中提到了与迪士尼等大公司的合作经历，证明在MST S（疑为MSDS的口误）领域有丰富的成功案例。
5. MSDS翻译工作虽然专业性强，但内容并不复杂，通常是一张表格形式，页面数量不多，内容相对固定。
6. 预计八九月份有会议翻译需求，但主要讨论集中于MSDS的翻译需求。"
MSDS是指什么？,"1. MSDS（Material Safety Data Sheet），即材料安全数据表
2. 它是详细说明化学品、药品或其他产品成分安全信息的文档，包含物理、化学特性、毒性、储运、应急处理措施等内容。
3. MSDS对于确保工作场所安全、遵守法律法规及国际贸易中产品进出口至关重要。
4. 例如，香奈儿香精的进口、化工原料的海关通关都需要提供MSDS。"
MSDS翻译的需求量和频率如何？,"1. 需求量预计在八九月份，具体数量未明确
2. 频率方面，客户提到是八九月份的会议翻译需求，表明是季节性或项目驱动型需求。
3. MSDS翻译因涉及产品进出口及法规遵从，一旦需要则可能一次性需要翻译大量文档。"
如何获取更多关于MSDS翻译的案例和信息？,"1. 可以通过电子邮件发送MSDS的成功案例介绍给潜在客户，增强信任度和专业形象。
2. 自行上网查询，因为网络上有许多关于MSDS的信息和案例可供参考。
3. 利用以往与大型企业如迪士尼的合作案例，强调公司在MSDS翻译领域的丰富经验和能力。
4. 如果遇到不清楚的信息，立即通过搜索引擎如百度查找，以便迅速了解并回应客户。"
如何确定与客户的合作单价？,"1.合作单价应当基于总量来决定，总量越大，单价越有谈判的空间。
2.在确定单价之前，需要了解客户的需求总量及系统中以前与他合作的单价水平。"
如何在销售过程中利用已有的机会引入新的商机？,"1.利用现有合作的机会，及时提出其他服务或产品的合作意向。
2.不要局限于当前的话题，而是要善于把握时机，引入更多合作的可能性。"
如何处理客户分散的需求？,"1.针对客户需求分散的情况，可以从金额较大的客户开始着手。
2.用好系统中的“流失客户”模块，优先跟进金额较大的流失客户。"
如何跟进商机并确保其有效转化？,"1.对于商机，需要保持持续跟进，即使短期内无法获得结果。
2.商机跟进的关键在于快速响应和有效的沟通。"
如何提升新销售人员的跟进效率？,"1.老销售人员应指导新销售人员分析每日跟进情况，并制定合理的跟进计划。
2.应用AI分析工具来获取客户反馈和建议，以便更好地制定下一步行动计划。
3.定期进行案例分析会议，老销售人员分享经验，帮助新销售人员提高跟进技巧。"
如何处理客户未及时回复的情况？,"1.可以尝试先发送邮件联系客户，因为邮件更易被接收和阅读。
2.即使未能直接联系到决策者，也可以尝试与其他部门沟通获取信息。"
当客户提到采购时，销售人员应该如何反应？,"1.报出系统中已有的采购人员的名字，确认是否为当前负责的采购。
2.如果系统中的名字不适用，询问当前具体的采购负责人是谁。"
如果客户提及某个部门，销售人员应该如何进一步了解情况？,"1.询问该部门是属于分公司层面还是不同业务单元（BU）层面。
2.核实系统中是否有该部门的联系人，并确认这些联系人是否仍然在职或需要新的联系人信息。"
如何区分老销售和新销售在跟进客户时的不同表现？,"1.老销售在接到客户提及采购或其他相关信息时，能够迅速反应并采取行动。
2.新销售可能缺乏这种敏感性和经验，因此在跟进记录中可能缺少相应的下步计划"
如何处理客户对公司内部结构变化的不确定性？,"1.明确指出公司合并后的名称和关系。
2.强调公司仍为原有供应商，具备合作历史。
3.询问具体需求部门的变化，如市场和采购部门。
4.主动联系新的关键人物，如科长或部长。"
如何制定有效的跟进计划？,"1.确定目标客户和部门，如上海和天津分公司的负责人。
2.核实联系人信息的有效性，如电话号码和电子邮件地址。
3.跟进未回应的邮件和电话，尝试不同时间段联系。
4.制定备选方案，如重新筛选旧资源或寻找新联系人。"
当客户表示不负责相关业务领域时，如何礼貌地探询负责人的信息？,"1. 表示理解并确认客户角色：“哦，您这边是不负责这一块。”
2. 间接询问相关部门或负责人：“那平时会有涉及到一些技术资料翻译之类的，是由哪个部门负责呢？”
3. 引用已知联系人，促进信息共享：“您之前一般是和谁联系的？我看我们之前有和苏斌、艾丽他们合作过。”"
客户对公司内部变化后供应商管理有何看法？,"1. 客户表示被西卡收购后，供应商管理由西卡采购团队接管，减少了对原供应商的直接需求。
2. 客户不确定原供应商是否仍在西卡的供应商名单中。"
客户如何评价当前经济环境对其工作的影响？,"1. 客户表示当前经济环境对公司造成冲击，成本控制严格，工作压力增大。
2. 客户对费用审批流程的复杂性和严格性表示不满。"
销售如何应对AI翻译技术的挑战？,"1. 销售表达了对AI翻译技术冲击的担忧，承认其影响。
2. 销售强调人工翻译在处理复杂项目和高质量要求上的优势。"
客户对于与销售重新建立联系的态度如何？,"1. 客户对销售的重新联系持开放态度，愿意分享信息。
2. 客户同意加微信，保持联系。"
客户提到公司内部翻译需求降低的原因是什么？,"1.公司被西卡收购后，供应商管理发生变化，导致对原供应商的依赖减少。
2.预算管控严格，成本控制成为首要任务。
3.采用AI翻译和内部员工翻译以节省成本。"
销售如何应对AI翻译对行业的影响？,"1.销售表达了对AI翻译影响的理解，认为AI对翻译行业造成了一定的冲击。
2.销售强调对于大型、复杂的文档，人工翻译依然具有不可替代性。"
翻译服务的供应商信息？,"1. 北京有一家名为优比卡的供应商负责翻译服务。
2. 可以通过网络查询该供应商的详细信息。
3. 注意供应商名称可能存在听误，需要核实。"
,"1. 对于首次合作的客户，通常会根据项目金额大小决定是否需要预付款。
2. 如果项目金额较大，销售可以申请到翻译完成后一定时间内的付款期限。
3. 销售应了解客户以往的合作模式，并尝试匹配或接近这种模式，以增加合作的可能性。"
如何在误拨电话后调整沟通并获取正确联系人信息？,"1. 立即承认错误并道歉，保持礼貌态度；
2. 询问客户是否能提供正确的联系人姓名或部门；
3. 确认获取的信息，表示感谢并请求进一步的帮助或引荐。"
客户如何处理日常翻译需求？,"1. 目前依赖内部AI软件处理大部分翻译工作，减少对外部服务商的需求。
2. 在遇到专业术语或复杂翻译时，可能会考虑人工服务，尽管这种情况较少发生。"
客户当前的预算和审批流程如何？,"1. 预算卡得紧，审批流程复杂，影响下单速度。
2. 客户提及审批流程需按西卡的规则执行，可能导致延误。
3. 采购部门对价格敏感，倾向于使用自己的供应商。"
客户提问：你们是哪家公司？我们之前合作过吗？,"1. 确切回应公司全称：“我们是上海交大世必达。”
2. 强调合作历史：“我们在2020年曾合作过笔译项目。”
3. 表达目的：“这次来电是希望了解您这边是否有新的翻译或相关业务需求。”"
为什么强调利用好与客户去年同期的关系？,"1.	去年同期关系较好，客户可能因自身需求不明确而难以预测何时出现新需求。
2.	利用好关系意味着要持续跟进，提醒客户今年是否还有类似需求。
3.	通过提醒和刺激，促使客户思考是否有其他新需求或提供转介绍。"
如何有效开发新客户？,"1.	从已有的客户A出发，寻找其对标公司B、C、D等，利用A公司的案例去开发这些公司。
2.	用对标公司的资料反过来促进A公司的发展。"
如何处理年报翻译项目的报价策略？,"1.	报价时考虑年报中包含大量数字的特点，结合排版服务报价。
2.	通过调整计费方式使客户更容易接受报价。
3.	在客户不愿支付预付款的情况下，签订正式合同以降低风险。
4.	在比价过程中保持竞争力，了解自己的排名位置。"
当公司组织架构发生变化时，如何寻找新的合作机会？,"1.当公司组织并购后，需要找到新的部门名称及其负责人。
2.如果与原公司有长期合作关系，则可以从高层开始重新建立联系。
3. 利用并购契机拓展业务线"
如何利用内部资源获取新客户的联系方式？,1.利用已有合作关系的客户，让他们提供其他部门或新部门的信息或介绍
在向客户发送企微添加请求后，接下来应该如何操作？,"1. 跟进并确保添加成功
2. 添加成功后，需要一系列资料开始往下发
3. 保持沟通主动跟进"
如何对于大公司如何进行部门级别的开发？,"1.了解公司的整体结构，识别出各个业务部门
2.逐个部门进行开发，从已合作的部门开始
3. 定制化方案，满足部门特定需求"
老销售如何指导新销售人员更有效地进行客户开发？,"1.老销售人员应该花时间指导新销售人员，分析他们的开发记录
2.从开发记录中可以分析出哪些地方需继续怎样跟进，并帮助制定下一步计划"
如何提高邮件的吸引力，使其更容易被阅读？,"1.邮件内容需既正式又亲切，避免过于生硬。
2.标题和开头部分要吸引人，使收件人愿意继续阅读。"
客户对于AI翻译的看法如何？我们应该怎样回应？,"1.客户认为AI对翻译行业有很大影响。
2.我们可以介绍公司的AI翻译技术，包括人工翻译与AI翻译的结合使用。
3.对于要求不高的翻译任务，我们可以提供AI翻译服务。
4.对于批量大且不可编辑的文本（如扫描件），我们的AI系统可能无法处理。"
客户提到CPC卡供应商，如何进一步挖掘信息？,"1.询问客户是否有在此期间进行任何消费或下订单。
2.探讨客户是如何进行市场工作的。"
如何利用与客户的良好关系推进业务？,"1.利用与客户的良好关系推荐给采购部门。
2.如果客户愿意，可以获取推荐的采购人员的姓名，以便直接联系。"
如何更好地了解客户的产品线和市场情况？,"1.询问客户的产品经理以及他们负责的产品线。
2.了解客户公司产品在市场上的情况，试图找出我们能提供服务的切入点"
如何有效跟进客户并维持沟通？,"1.发送邮件给客户，并安排下次跟进的时间。
2.保持积极的态度，认可自己的进步。"
客户如何提及与销售的历史合作并表达合作意愿？,"1. 回忆过去合作项目，提及具体公司名称（如奥迪康）增强可信度
2. 表达长时间未联系的遗憾，同时询问销售现况，展现持续关注
3. 提及看到销售社交动态，作为重新接触的契机"
销售如何回应客户对于加入供应商流程的询问？,"1. 诚实地说明当前供应商库情况及合作难度
2. 表示理解客户立场，同时传递开放合作的信息
3. 建议保持联系，为未来合作留门"
客户询问公司名称时，如何更正并引起客户回忆？,"1. 立即清晰重复公司全称，避免简称或口误造成的混淆；
2. 提供具体合作年份和项目类型，帮助客户定位记忆；
3. 保持友好耐心的态度，鼓励客户回想，展现专业和诚意。"
客户询问是否能在更短时间内完成翻译工作，如何回应以展现灵活性并确保服务质量？,"1. 表达理解客户需求的紧迫性，评估团队的工作负荷和加班可行性，提出调整方案前的初步评估步骤。
2. 明确告知新的完成日期，并说明为满足客户需求所采取的特别措施，如加班安排，让客户感受到重视和服务的灵活性。
3. 强调即使在紧张的时间表下，仍会保证翻译质量，简要介绍质量控制流程，增加客户信心。"
客户在同意服务后又因成本问题需减少服务量，如何处理以维护客户关系并探索其他合作可能？,"1. 表示理解客户决策的变化，立即暂停服务避免不必要的成本支出，展现对客户立场的尊重和支持。
2. 询问是否未来有其他项目或当前项目是否有可调整的部分，以维持合作机会，同时展现服务的灵活性和多样性。
3. 提供可能的优惠方案或分期支付选项，作为未来合作的吸引点，保持长期合作的积极态度。"
客户询问公司过往合作的具体内容是什么？,"1. 确认并详细说明合作范围，如笔译、多媒体项目及口译服务等；
2. 强调合作期间，如零四年至一七年的三年合同；
3. 提及服务的专业性和多样性，包括翻译、设计印刷、会议支持等。"
对于专业文件翻译，客户是否有特定需求或挑战？,"1. 近年项目减少，专业文件翻译需求相应降低，特别是小语种翻译几乎无需求。
2. 客户作为工程总包商，对基础资料文件翻译的专业性和准确性有一定要求，但当前需求量有限。"
如何处理Word文档中的批注以符合客户翻译需求？,"1. 确认批注仅为注释性质，无需特别翻译处理，除非客户另有指示。
2. 若批注涉及重要信息，需与客户沟通确认是否需包含在翻译内容中。"
如何优化小额服务的结算流程以提高客户满意度？,"1. 提议月度或季度汇总小额服务费用，形成统一账单，减少频繁申请的行政负担。
2. 鼓励客户预申请预算，针对频繁需求设立储备金，简化后续审批流程。"
在客户表示公司需求减少时，如何应对并尝试挖掘潜在需求？,"1. 询问近期是否有特别项目或活动可能需要相关服务支持。
2. 提供新服务或优惠信息，激发客户兴趣或考虑未来合作可能。
3. 请求客户保持联系，定期更新服务信息，以便未来需求时考虑。"
当我们了解到客户之前有过翻译需求时，应该询问哪些相关信息？,"1.可以询问之前的翻译应用背景，例如翻译的语种和翻译内容。
2.了解客户当前是如何解决翻译需求的。"
市场部的哪些职责可能需要翻译服务？,"1.市场部的主要职责之一是组织活动，可能需要翻译服务支持。
2.市场部还需要撰写新闻稿和其他宣传材料，可能需要翻译服务。"
客户询问公司服务范围时，应如何简要介绍？,"1. 简述公司提供包括翻译、印刷在内的多项专业服务。
2. 强调公司具有与大型企业合作的经验。
3. 提及可以提供定制化解决方案。"
贵公司对于翻译项目的质量有何特别要求？,"1. 明确翻译语言对。
2. 提供行业术语表或风格指南。
3. 需要认证或专业领域译员。"
客户内部采购流程是如何的？,"1. 客户公司内设有采购部，负责审核报价。
2. 报价需先由采购部同事查看后再做决定。
3. 最终确定采购需经过采购部及业务线领导审批。"
报价后多久能得到反馈？,"1. 报价已发送给采购部，但尚未得到最终决定。
2. 从客户发送邮件至销售询问，时间不足一天，表明反馈周期较短。"
文件翻译是否需要特定格式？,"1. 客户需要文件中英对照，便于税务局审查。
2. 每页需盖章，适用于新加坡的母公司要求。
3. 翻译通常采用上方英文下方中文的形式，并附上翻译公司营业执照。"
支付流程和条件是什么？,"1. 客户确认后，费用支付没有问题，基于以往的合作信用。
2. 公司规定通过特定方式（比如B围）进行付款。
3. 此前有合作历史，包括支付流程及必要的信息交换。"
如何开始一天的工作？,"1. 从汇报昨日工作开始。
2. 优先处理客户的盘点与商机挖掘。"
怎样处理客户信息？,"1. 客户信息应分类整理，如国企、央企、外企等。
2. 对客户进行跟进，了解是否有进一步合作的机会。"
如何衡量工作绩效？,"1. 商机数量是衡量工作绩效的关键指标之一。
2. 未达成的商机需分析原因，比如是否是话术问题或方向不对。"
如何使用系统工具？,"1. 使用系统查看公司项目计划。
2. 检查系统中的公司信息，如项目计划等。"
怎样制定公司计划？,"1. 明确公司的业务单元(BU)。
2. 列出公司计划中的业务单元，并确定其合作潜力。"
如何定义不同层次的询盘？,"1. 第一层：未来可能合作，但当前不需要服务。
2. 第二层：有兴趣了解公司业务，需要公司介绍。
3. 第三层：有具体语言需求，但无实际项目。
4. 第四层：有实际项目需求，需报价或具体项目细节。"
如何提高每日询盘量？,"1. 增加邮件群发数量。
2. 利用社交媒体（如LinkedIn、Facebook）进行开发。
3. 搜索新的邮箱地址。"
如何提高邮件发送的数量？,"1. 分析邮件发送数量少的原因，可能是邮件模板或发送策略的问题。
2. 提高邮件发送的数量，可以通过扩大发送的不同精准度和数量，以及优化邮件内容。"
如何处理销售业绩的压力？,"1. 销售需要关注业绩，不断推进商机以达到业绩目标。
2. 需要合理安排工作计划，确保每日都有有效的推进动作。"
如何处理手上的商机？,"1. 要持续跟进并记录每次跟进的情况。
2. 每周需安排多次面访，并且要记录后续步骤。"
如何处理与翻译服务相关的客户需求？,"1. 对于小语种翻译需求，需了解具体需求后再提供服务。
2. 需要跟踪客户过去六个月的需求情况，评估合作的可能性。"
如何处理客户的不愉快经历？,"1. 重新建立信任，争取更多机会。
2. 了解客户的具体需求。"
如何处理不同类型的客户？,"1. 根据客户的需求和特点，制定不同的销售策略。
2. 对于老客户，保持定期联系，了解最新需求。
3. 对于新客户，积极开发，建立信任关系。"
准备给特定公司发送邮件时需要注意什么？,"1. 根据通用模板定制内容
2. 加入之前的合作案例展示
3. 包含全面的服务介绍"
如果没有获得直接联系信息该怎么办？,1. 尝试发送电子邮件建立初步联系
如何准备针对不同公司的邮件模板？,"1. 准备好每家公司的特定模板。
2. 在模板中加入具体的案例分析。
3. 确保邮件内容具有针对性和吸引力。"
怎样保证邮件中的个人信息准确无误？,"1. 利用邮件编辑器里的预览功能检查。
2. 发送前再次确认所有变量字段是否已正确填充。"
向已有合作历史的客户发送邮件时应注意哪些事项？,"1. 明确告知收件人自己的身份及目的。
2. 使用已有的模板作为基础进行适当修改。
3. 发送后需检查是否成功送达并留意是否有退信。"
我们通常会遇到哪些语言的需求？,"1. 主要是英语。
2. 法语也是一个常见的需求，因为它被视为小语种，对翻译质量的要求较高。"
如果客户表示他们已经有自己的解决方式了怎么办？,"1. 表示理解这种情况很正常。
2. 强调即便如此，保持多个选项总是好的。
3. 询问是否有特定情况下可能会考虑外部帮助。"
怎样获取客户的联系方式以便后续跟进？,"1. 礼貌地请求对方留下电子邮件地址或其他联系方式。
2. 解释留联系方式的目的，如发送公司介绍资料等。
3. 确认收到的信息无误。"
公司主要提供哪些服务？,"1. 公司主要提供资料翻译服务，包括但不限于医疗、市场、文献等领域的翻译。
2. 除了翻译服务，公司还提供设计印刷服务，为客户提供一站式解决方案。"
公司在翻译领域有哪些优势？,"1. 公司拥有专职翻译人员，人数约为七八十人，且按照行业分团队。
2. 翻译人员具备相关行业背景，确保专业性和高质量。
3. 公司通过了ISO认证，并自主研发了一套专门针对翻译行业的ERP系统，确保质量管理。
4. 稿件一般会经过一校审三轮，确保质量。"
公司与哪些知名企业有长期合作关系？,1. 公司与罗氏制药、欧姆龙、西门子等知名企业有长期合作关系。
公司成立于何时，目前规模如何？,"1. 公司成立于13年前，目前在上海是规模最大的一家翻译公司。
2. 公司拥有专职翻译人员约七八十人。"
公司内部哪些部门经常需要翻译服务？,1. 医学事务部、市场部、专业诊断部、应用科学部、健康医护部等经常需要翻译服务。
公司如何管理供应商？,"1. 供应商的选择和管理由采购部负责，通常会选择几家供应商，但不倾向于太多家，以减少管理成本。
2. 合同一般一年一签，到期前会提前进行review。
3. 如果找到优秀的供应商，也可以随时加入。"
公司如何处理内部部门的翻译需求？,"1. 内部部门的翻译需求通常由采购部统一管理和协调。
2. 各部门会根据具体情况直接联系供应商，但需先通过采购部的审核。"
公司是否提供多种语言的翻译服务？,1. 公司主要提供英语翻译服务，少量涉及德语。
公司如何确保翻译质量和专业性？,"1. 公司通过严格的招聘标准，选择具有相关行业背景的专职翻译人员。
2. 翻译稿件会经过一校审三轮，确保质量。
3. 公司通过了ISO认证，并自主研发了一套专门针对翻译行业的ERP系统，确保质量管理。"
公司如何参与客户的竞标过程？,"1. 公司会在合同到期前的两个月左右开始准备竞标工作。
2. 客户会在合同到期前进行review，如果公司表现优秀，可以随时加入竞标。"
公司如何与客户建立长期合作关系？,"1. 公司通过提供优质的服务和专业的团队，与客户建立长期合作关系。
2. 公司定期与客户沟通，了解客户需求，及时调整服务内容。"
如何处理时间紧迫且需要翻译的扫描件？,"1. 重要部分由人工翻译，其他部分使用AI翻译以降低成本。
2. 对于监管要求必须为中文的文件，确保关键部分准确无误。
3. 使用AI翻译后进行校对，保证文案符合中国市场的需求。"
如何处理没有合作过的客户？,"1. 使用适当的话术，让客户留下好印象，即使没有合作过也要表现出专业性和熟悉度。
2. 避免在客户较真时纠缠某个点，要善于转移话题。
3. 可以尝试说明合作的可能性，例如提到其他类似客户的成功案例。"
如何确认客户的校对流程？,"1. 询问客户内部是否有专门的校对人员或部门。
2. 强调我们提供的翻译或印刷服务在交付前需要客户内部审核。
3. 提供我们自己的校对服务，确保最终产品的质量。"
如何处理客户的电子版需求？,"1. 询问客户是否需要电子版排版设计，如邀请函、宣传册等。
2. 提供我们公司在电子版排版设计方面的专业服务。
3. 说明电子版排版设计的优势，如便于修改和分享。"
如何处理客户的会议或忙碌状态？,"1. 尊重客户的时间安排，询问客户何时方便再次联系。
2. 提供备选的联系时间和方式，如邮件或短信。
3. 保持耐心和专业，确保客户感受到我们的诚意。"
客户提到的上周五的山东飞找的人属于哪个部门？,"1. 山东飞找的人属于类似媒体公关部的部门。
2. 这个部门可能未来会有合作的机会，但专业性较强。"
客户需要了解哪些信息来评估合作的可能性？,"1. 需要了解客户的量和频率。
2. 需要了解客户目前的解决方案。
3. 需要了解客户的费用预算。"
如何处理客户对翻译的需求？,"1. 询问客户翻译的具体需求，如语言、领域等。
2. 提供翻译服务，如笔译、口译等。
3. 强调翻译服务的优势，如准确性和专业性。"
我们是否有明确的翻译服务需求？,"1. 有一个创业客户明确表达了对翻译服务的需求。
2. 需要主动联系对方以获取更多细节。"
如果电话未能联系上潜在客户怎么办？,"1. 尝试发送电子邮件进行初步沟通。
2. 在邮件中清楚表达合作意向或询问信息。"
在写给客户的邮件时需要注意什么？,"1. 内容应当清晰、专业。
2. 发送后应等待回复，并准备进一步交流。"
怎样更好地理解并满足客户需求？,"1. 详细了解客户背景。
2. 明确客户的具体需求点。"
如何评估一个公司的规模及其现有供应链状况？,"1. 从公司名称推测其规模大小。
2. 注意该公司以往解决问题的方式。"
如何利用社交媒体了解目标客户？,"1. 关注客户的官方账号，如微信公众号。
2. 观察其发布的内容频率及类型。"
如何有效地使用内部系统追踪客户？,"1. 查阅之前同事留下的跟进记录。
2. 更新当前负责人的状态。"
何时适合建立企业微信群来管理项目？,"1. 当确定存在具体商业机会时创建群组。
2. 对于关键决策者(KP)，在其同意后加入。"
关于上周的动作情况，特别是时长42分钟是否偏少？,"1. 确认上周五的工作时长为42分钟确实较少。
2. 说明启威在最近两天增加了四个任务量，表现良好。
3. 解释目前日均任务量仍然显得略少的原因。"
对于欧姆龙市场第一名的情况，需要确认哪些信息？,"1. 确认该人员的具体身份和职位。
2. 了解他们当前的需求量以及是否已经确定。
3. 如果尚未确定，则进一步探讨潜在的合作机会。"
如何有效地利用现有资源开拓新业务？,"1. 了解并充分利用公司现有的服务范围和技术能力。
2. 通过对已有客户的深入沟通寻找新的合作机会。"
怎样确定今日工作的重点？,"1. 通过点击系统界面上的重点按钮来筛选出重要事项。
2. 昨天发送邮件给客户的两家公司（银创和奥斯通）应作为优先处理的对象。
3. 重点关注银创公司的木料业务线以及相关联的部门。"
针对翻译服务的邮件营销策略是什么？,"1. 准备两封不同内容但都旨在介绍翻译服务的邮件。
2. 第一封邮件专注于翻译服务本身的优势及合作意愿表达。
3. 第二封邮件则侧重于展示公司在印刷方面的实力和服务范围。
4. 请求收件人帮忙转发给相关部门或个人以扩大影响力。"
如何有效管理大量待处理信息？,"1. 使用Excel表单中的筛选功能帮助识别和分类数据。
2. 将筛选条件设置为0，快速找出已通过初步审核的项目。
3. 通过名字或公司名称进一步细化筛选结果，专注于高价值目标。"
对于那些长期没有回应的重点客户，应采取何种策略？,"1. 发送一封正式邮件作为最后尝试
2. 如果仍无反馈，则考虑将此关系标记为关闭状态"
昨天的数据是什么样的？,"1. 回顾并分析昨天提供的数据
2. 说明市场表现情况，例如差额为42等
3. 提及昨晚提到的那个公司的情况"
如何处理与客户的初步沟通？,"1. 在客户提出需求时，要立即响应并确认需求。
2. 如果客户提到某个具体的问题或需求，要迅速记录并反馈。
3. 要保持积极的态度，确保客户感受到支持。"
如何处理客户对产品的疑问？,"1. 详细了解客户的具体需求，确保提供准确的信息。
2. 提供产品的详细说明和成功案例，增强客户的信任。
3. 及时回应客户的疑问，确保客户满意。"
如何处理客户的异议？,"1. 保持冷静，耐心听取客户的异议。
2. 用事实和数据来回应客户的疑虑。
3. 提供解决方案，确保客户满意。"
如何总结每天的工作？,"1. 回顾当天的工作，记录重要信息。
2. 分析存在的问题，制定改进措施。
3. 确定第二天的工作目标，确保任务明确。"
撰写电子邮件时需要注意哪些方面？,"1. 不要仅仅复制粘贴现有的模板，而是根据实际情况添加个性化内容。
2. 清晰表达自己想要达成的目的或者所需的支持类型。
3. 结合自身经验和理解调整邮件格式。"
对于重要客户的联络方式应采取什么策略来获取？,"1. 直接向该客户索要联系方式
2. 通过其他渠道间接获得
3. 在交流过程中自然地请求添加为联系人"
如何确认客户是否有笔译服务的需求？,"1. 询问客户过去六个月是否有相关需求。
2. 确认客户是否有具体的需求，并且具体到某个产品或服务。
3. 询问客户周边人的需求以及对应部门的需求。"
当发现某些公司的联系方式缺失时应该怎么办？,"1. 确认缺少联系信息的具体是哪些公司，例如贝亲、高仪等。
2. 主动寻找这些公司的正确联系人或更新方式，比如通过网络搜索、行业报告等途径。
3. 将找到的新信息及时更新至数据库中，并尽快安排后续的联络工作。"
如何处理重复联系客户的情况？,"1. 我们需要确认是否已经联系过该客户，避免重复打扰。
2. 如果是新商机，可以再次联系，但需要确保信息的新颖性和价值。"
如何处理邮件中的重复内容？,"1. 删除不必要的重复内容，保持邮件的简洁性。
2. 根据客户的阅读习惯调整内容的排列顺序。
3. 确保核心信息在邮件的前几段中出现。"
如何处理客户的电话联系问题？,"1. 确认客户的电话号码是否准确。
2. 尝试不同的时间段联系客户。
3. 通过其他方式（如邮件、社交媒体）辅助联系。"
今天的工作重点是什么？,"1. 今天工作的重点集中在盈创和巴斯夫两个项目上。
2. 需要确保某项操作按时完成。"
如果电话联系不上客户怎么办？,"1. 尝试通过其他方式比如邮件继续尝试联系。
2. 注意检查发送的信息格式是否正确，以便于对方接收。"
如何处理企业传播部的需求？,"1. 需要找到每条产品线的负责人。
2. 即使联系上的负责人不确定具体需求，也要尽可能询问。
3. 明确企业传播部有多条业务线，需确认具体负责的业务线。"
客户提到的“TR”和“TS”分别代表什么？,"1. TR在这里并不是指土耳其，而是一个特定的缩写或代码。
2. TS可能指的是传统书籍中的某个特定部分，需要保留不翻。"
客户提到的“量词”问题是什么？,"1. 量词问题指的是在翻译过程中，某些量词的使用不一致或不准确。
2. 需要在翻译时确保量词的统一性和准确性，特别是在涉及数量的文本中。"
客户提到的“版本传错”问题是什么？,"1. 版本传错指的是在文件传输过程中，发送了错误的版本，导致后续工作出现问题。
2. 需要在文件传输前进行仔细核对，确保发送的是正确的最终版本。"
客户提到的“执行董事”和“董事总经理”有什么区别？,"1. 执行董事和董事总经理在公司结构中可能有不同的职责和权限。
2. 执行董事通常负责公司的日常运营，而董事总经理则可能负责更广泛的管理和战略决策。"
客户提到的“单位保持一致”是什么意思？,"1. 单位保持一致指的是在翻译过程中，确保所有单位（如长度、重量、货币等）的使用保持一致。
2. 这有助于避免因单位不一致导致的误解或错误。"
客户提到的“退改”和“密改”是什么意思？,"1. 退改指的是退回并修改，通常用于文件或稿件需要重新审核和修正的情况。
2. 密改指的是秘密修改，可能是指在不公开的情况下进行的修改。"
客户提到的“串珠”问题是什么？,"1. 串珠问题指的是在翻译过程中，某些词汇的使用不正确或不恰当。
2. 需要确保翻译的准确性，避免使用错误的词汇。"
客户提到的“最近好像词汇好很多了”是什么意思？,"1. 最近的翻译工作中，词汇的使用变得更加准确和规范。
2. 这可能是由于团队成员在词汇选择上更加谨慎和专业。"
客户提到的“错别字”问题是什么？,"1. 错别字问题指的是在文本中出现的拼写错误或打字错误。
2. 需要在编辑和校对过程中仔细检查，确保文本的准确性。"
客户提到的“中文名字不确定”问题是什么？,"1. 中文名字不确定指的是在翻译过程中，对于某些中文名字的翻译不确定。
2. 通常情况下，不确定的名字会保留原文，以避免翻译错误。"
客户提到的“PPT检查”问题是什么？,"1. PPT检查指的是在制作和编辑PPT时，需要仔细检查每一部分内容，确保没有遗漏或错误。
2. PPT检查包括文字、图表、格式等方面的检查。"
客户提到的“下标”问题是什么？,"1. 下标问题指的是在文本中，某些字符需要设置为下标，以符合特定的格式要求。
2. 需要在编辑过程中注意下标的使用，确保格式正确。"
客户提到的“德文稿件”问题是什么？,"1. 德文稿件问题指的是在翻译过程中，德文稿件的语句不通顺，需要重新翻译。
2. 需要与客户沟通，确认稿件的具体要求。"
客户提到的“数字格式”问题是什么？,"1. 数字格式问题指的是在翻译过程中，不同语言的数字格式不同，需要进行相应的转换。
2. 例如，德文中的小数点和中文中的小数点位置不同，需要在翻译时进行调整。"
客户提到的“PPT中的句子”问题是什么？,"1. PPT中的句子问题指的是在PPT中，某些句子的翻译不准确，导致句意发生变化。
2. 需要在翻译时确保句子的准确性和完整性。"
客户提到的“时间格式”问题是什么？,"1. 时间格式问题指的是在翻译过程中，时间的格式需要统一。
2. 例如，美国中部时间的格式需要与中文的时间格式一致。"
客户提到的“参考稿”问题是什么？,"1. 参考稿问题指的是在翻译过程中，需要参考已有的翻译稿件，确保翻译的一致性。
2. 如果参考稿中有错误，需要及时纠正。"
如何有效地与新接触的潜在客户建立初步联系？,"1. 初次接触首选电子邮件形式进行自我介绍及业务说明。
2. 根据对方回复的态度决定后续行动，如对方感兴趣可深入交谈；反之则礼貌性地结束对话，并计划未来时机重新联系。
3. 考虑到长远关系建设，即便初次尝试未成功，也不应放弃，可通过社交媒体等方式寻找新的接触点。"
面对采购部门的反馈，怎样寻找正确的合作途径？,"1. 当采购方建议转而联系市场部时，应考虑直接与市场部建立联系。
2. 注意收集市场部对公司服务的看法，尤其是负面评价，以便针对性改进。
3. 利用现有系统内信息查找可能负责人的联系方式。"
为了提高工作效率，在日常工作中需要注意哪些方面？,"1. 保证所有重要数据都被准确录入系统。
2. 定期检查并更新客户资料库。
3. 学会利用各种工具辅助工作流程。"
如何与客户确认翻译需求？,"1. 询问客户是否有指定的采购人员。
2. 如果客户不确定，可以进一步询问平时与哪位采购人员联系较多。
3. 建议在首次沟通时尽可能了解清楚，避免后续重复沟通。"
市场类和服务类对应的采购人员是谁？,"1. 询问客户市场类和服务类的具体采购负责人。
2. 可以通过内部沟通了解相关信息。
3. 建议以开发最终用户为目标。"
如何处理客户反馈的信息？,"1. 记录客户反馈的信息，如客户提到的部门或负责人。
2. 后续跟进时，可以再次确认这些信息。"
如何处理不同客户的采购流程？,"1. 了解客户的采购流程，特别是金额超过5000元的采购。
2. 对于金额低于5000元的采购，可以直接与客户协商合作。
3. 如果客户愿意，可以绕过采购流程直接合作。"
如何处理客户的业务部门需求？,"1. 询问客户哪个部门的翻译需求最多。
2. 先从客户熟悉或有业务往来的部门入手。
3. 逐步了解其他部门的需求。"
如何处理客户的业务点？,"1. 敏感地捕捉客户提到的业务点。
2. 顺着客户提到的业务点进行深入交流。
3. 通过具体业务点建立信任和合作关系。"
系统内记录不完整或者错误时应该如何处理？,"1. 及时补充或修正系统内的相关信息。
2. 保持良好的跟进习惯，确保每次交流都有记录。"
在准备与客户交谈之前需要做哪些准备工作？,"1. 了解客户的基本信息及其业务领域。
2. 查阅历史交易记录，确定双方是否有过合作经历。"
客户提到的“今天登记的是”没有找到，应如何处理？,"1. 如果是通过前台转接未联系上，尝试发送邮件。
2. 在邮件中提及想要询问的产品信息，比如新出的某个产品是否提供翻译服务。
3. 保持跟进，确保邮件已发送，并确认对方是否收到。"
如果发现信息缺失怎么办？,"1. 检查所有相关的文档和记录。
2. 如果确实存在遗漏，及时补充完整。
3. 向相关人员报告并请求协助核实。"
如何处理过时的信息？,"1. 对于旧的信息进行评估其当前的有效性。
2. 如果不再适用，则更新至最新状态。
3. 保留原始资料作为历史参考。"
在电话联系不到客户的情况下应采取什么措施？,"1. 发送电子邮件作为初步接触手段。
2. 在邮件中详细描述想要讨论的内容。
3. 提供多种联系方式以便对方回复。"
为何会议后的记录看起来有所不同？,"1. 核实各自的记录版本是否一致。
2. 若存在差异，尽快同步最新的信息。
3. 保证所有参与者都能访问到相同的数据。"
怎样对待那些特别标注的数据点？,"1. 仔细审查这些数据背后的意义。
2. 如果不清楚其来源或含义，主动询问清楚。
3. 更新系统中的相应条目以反映实际情况。"
对于没有留下任何联系方式的潜在客户该如何处理？,"1. 尝试通过社交媒体或其他公开渠道查找更多信息。
2. 向共同认识的人求助以获得介绍。
3. 记录下来，待日后有机会再联系。"
请阐述开发客户1、3、1、3、2的要点,"一共10个点，先给客户我们的信息，再问客户拿信息，最后收尾时要联系方式
给客户1+3共4个点，首先表明来意，再表达我们是最好的、合作过的公司名和我们提供的产品系列
再问客户拿1+3共4个点，首先问该联系人的需求，再问该公司合作业绩最大的3个部门、市场部、采购部
结尾时做到2点，用我们的企业微信添加客户的微信，并与客户确认邮箱和拿邮箱地址，发送邮件"
合作过联系人的开场白,您好，我是上海交大事必达的XX，为您公司服务很多年了，主要为很多公司提供翻译、印刷、视频译制的一体化服务，之前也为您提供过服务，今天来电话来，想看看最近，是否有这方面的需求？
未合作过联系人的开场白,您好，我是上海交大事必达的，为您公司服务很多很多年了，为您公司XX部、YY部、ZZ部都提供翻译、印刷、视频译制服务，其他部门同事介绍说您可能也会有这方面的，所以打电话给您想看看有没有合作的机会？
医药行业未合作过联系人的开场白,您好，我是上海交大事必达的，和您公司很早就有合作了，为您公司XX部、YY部、ZZ部都提供医药类的专业翻译服务，为很多医药公司提供了20多年的专业翻译服务，其他部门同事介绍说您可能也会有这方面的，所以打电话给您想看看有没有合作的机会？
1句话介绍我们公司的最,我们目前是上海规模最大，市场份额第一的本地化公司
介绍我们公司的客户名和产品,"1）大多数客户是500强外企，并且都长期合作，像3M、拜耳、阿尔斯通、住友等等，很多公司都和我们合作快20年了
2）最早我们是从翻译开始跟各大外企市场部合作的，逐步扩大到印刷、视频，还有很多会议上的口译、同传，合作的业务越来越多"
对未合作过医药行业的客户介绍我们的公司,"1）我们目前是上海规模最大，市场份额第一的本地化公司，20多年历史了，我们有非常强大的行业翻译句对和词汇数据库，翻译质量非常好
2）近期我们为GSK、欧姆龙、诺华、赛诺菲、拜耳、药明康德等这些知名医药企业完成了大量的专业翻译项目，如临床方案、注册资料、IB手册、专业文献、QA文件等等"
介绍我们公司的案例,比如化工行业知名的巴斯夫、拜耳，他们市场部所有的资料翻译、样本印刷、会议的同传，甚至他们全球总裁来中国会见发改委的领导，全程陪同口译，都是我们做的
挖本人翻译以外的产品的需求,我们之前合作的翻译比较多，其实我们公司除了专业提供翻译，像样本的印刷，视频资料的听写翻译配音配字幕，我们都做的非常多的
挖掘合作过部门的当前需求和对口负责人,"和贵公司合作好多年了，就是现在你们这儿人员变动也蛮大的
我们之前和AA部的BB，BB部的CC，CC部DD都提供过服务，现在还是BB、CC、DD负责吗？

想问下您这边是否知道哪些部门可能需求量较大一些？我这边可以和他们先联系一下，能帮忙介绍一下吗？"
挖掘市场部的需求和对口负责人,"1）系统中有：我看我们系统里显示以前是市场部的XX，现在他还在吗？还是其他同事负责？ 
2）系统中无：这类需要可能市场部会用得更多一些，我现在大概应该联系哪一位？"
挖掘采购部的需求和对口负责人,"1）系统中有：采购部以前的MM现在还在吗？
2）系统中无：之前我们联系的采购部AA、BB，没联系上，现在采购部据您所知是哪位负责呀？"
对医药公司挖掘注册部的需求和对口负责人,"1）系统中有：注册部以前的MM现在还在吗？
2）系统中无：之前我们联系的注册部AA、BB，没联系上，现在注册部据您所知是哪位负责呀？"
要微信和邮箱,"1）微信：您的手机号是您微信号吗，我用企业微信发个邀请给您，您可以通过一下，以后万一需要时可以找到我们
2）邮箱：您的邮箱还是……，我可以将公司最新的资料发给您，您有时间可以看一下，如果同事有需要的话，帮忙推荐一下，谢谢啦"
客户说用系统里的其他供应商怎么应答,"1）我们早在**年就为你们公司开始提供翻译服务了，合作了很多年了，按理应该也在你们的供应商系统中 
2）现在合作的供应商的长期协议大概何时到期？这件事我们与哪位采购或负责人联系比较方便？"
以前合作过的客户不满意我们之前的服务，现在已经有满意的供应商了，怎么办,"问清楚是哪一次不好,尽量让客户不要以偏概全,强调偶然性,并通过告诉我们是哪一次,我们可以查一下具体的原因,以杜绝以后类似发生

注意点：
1)不要讲太多的理由，不要在此化太多时间恋战，解释的原因越多越不好
2)应该强调磨合，让客户理解随着合作次数的增加，互相会磨合的更好，质量肯定会逐步提升的
3)试图找到客户说我们质量不好的具体问题在哪儿？找到客户的质量参照系，从而方便对症下药
4)尽量从专业的角度解释而非从商务的角度解释，不要太多的淘江湖
5)应试图总结出客户的一些更高档的需求，从而提升客户的预期价格（例如母语翻译、高级翻译）"
你们打错人了或者这个电话号码已经换人了,"1）哦,是嘛。之前这个号码是XX公司YY的,经常为他提供翻译、印刷、视频译制服务的，不过确实有段时间没联系了，您是不是他同事呀?
2）您贵姓呀？"
我已经离职了,"1）您现在哪里高就呀？还在原来的行业吗？
2）问需求：请问您现在工作中遇到翻译、印刷、视频译制工作是怎么解决的呢？"
给我讲述下你们医药行业的案例,"1）经验：在医疗行业，我们有着非常丰富的翻译、多媒体译制、口译等经验，拥有资深的翻译人员
2）我们的客户：包括Johnson & Johnson(强生)、Nycomed(奈科明)、Solvay(苏威制药)、Boehringer Ingelheim(勃林格殷格翰)、Roche(罗氏制药)、AstraZenica(阿斯利康)、OMRON(欧姆龙)、西门子医学诊断、施贵宝、日机装等众多沪上知名跨国公司。
3）案例：我们为客户提供关于药品、医疗器械产品注册资料、器械产品操作手册、市场推广、医药文献、临床试验、网站内容、培训文档等一系列相关资料的翻译项目、视频资料译制、同传口译等方面的服务
 （1）申淇:4000页药物涂层冠脉球囊导管产品注册资料（专业设计医学、医疗器械、化工测试、机械制造、质量管理等诸多领域）
 （2）拜耳：左炔诺孕酮宫内节育系统相关资料1000万字处方抗肿瘤药、抗感染药注册资料
 （3）碧迪：疫苗接种的针头和注射器管理指南听写+翻译+配字幕
 （4）爱德华：心脏瓣膜产品市场宣传、技术研讨等各类视频的听写+翻译+配字幕
 （5）日机装：20万字血透仪的日文文献资料
 （6）3M:300分钟+口腔护理、输液设备视频听写+翻译+配字幕"
请讲述下你们的句对库如何提升翻译质量,几十亿的句对库，对于老客户的相似重复句子的处理，对翻译质量的持续提升能起非常大的作用，这在整个行业内是非常先进的
22个优势,"1、  规模最大、份额第一：

我们公司是华东区规模最大、市场份额第一的翻译印刷一体化服务的公司，相信对您公司来说选择我们还是相当不错的，因为我们有非常非常多的优势，我下面一个一个给您介绍一下。

2、  客户500强：

我们这边的客户基本上都是世界500强的公司，那我们服务客户行业的公司也是最多的，就举个例子吧，就拿您医药公司来说，其实我们现在合作的比较多的来说，像强生啊，诺华啊，包括赛诺菲安万特啊，都是指定用我们公司来作为他们翻译的供应商的，所以相信我们在医药行业里的经验是非常丰富的，当然质量也是最好的。

3、 ISO：

我们公司是最早通过那个ISO9001质量管理体系认证的，其实说道ISO其实有可能外面也有些公司会有，但是我们公司是最早一家通过这个认证的，蛮不容易的，而且我们整个翻译的流程的管理，都是经过专业的认证公司去做的，所以相信有这样一个比较好的管理平台的话拿出来的东西也会是非常好的，和您公司也会相当匹配的。

4、  全职译员

我们公司有全职员工差不多60名左右，应该还是非常多的，在翻译行业中排名是第一的。可能60名对于您公司来说不是非常多，但在我们翻译行业内算很多了，像我们行业内排名第一第二的全职员工也只有5名左右的专职翻译。所以如果有机会的话也非常荣幸请您来我们公司实地参观一下我们公司，我们的办公地点交通也非常方便的就在徐家汇中心地段。

5、  一体化服务：

我们公司不仅仅是做笔译方面的业务，除了笔译我们还有口译、设计包括印刷的一系列的服务，其实客户也非常喜欢和我们合作，为什么呢？因为客户从国外过来的样本需要从翻译到设计印刷都可以找我们一家公司去做，这样也比较方便。这样找一家公司也有非常多的优点。您找不同的供应商中间会有一些问题，比如我之前有个合作的公司，他们选了价格相对比较低的公司然后去做，因为您也比较了解，一般印刷厂工人英文水平可能不是特别的好，所以印刷出来的东西地方会放错，标点符号也会放错，这样就比较尴尬。如果您选择我们公司就会完全避免这样的一个问题，因为我们全程都有指定的客户代表，包括是我们的翻译回去全程的跟单，这样的话类似的问题就会完全的避免，这样一起做的话性价比也会更高。

6、  语种：

我们公司是最早一批在国内成立的翻译公司之一，所以我们公司几乎所以语种都能提供翻译，也可以满足可以一个多语种的翻译需求。现在我们国内除了英文和日文用的比较多的语种之外，像一些欧洲的法文、德文，意大利，西班牙也用的越来越多了，比如跟稀有一些的语种，比如像“厄瓜多尔”语言我们公司也能提供笔译服务，因为我们公司的库相对比较大，因为我们是最早成立的一批公司嘛，所以有一些资深的翻译都是和我们有着长期合作的，相信也能满足您公司不同语种翻译的需求。

7、ERP管理：

说到ERP我们还是非常自豪，我们是行业内最早使用ERP数据管理的公司，好处实在是太多了。针对于翻译来讲，我们会用我们的ERP进行管理的，我们会很多词汇库，有固定的翻译去做。举个例子，像您医药公司肯定是非常专业的，比如来了个新产品专业东西要做，到我们库里会有两级分类的概念，大类那些翻译适合医药类的翻译，系统里刷一下就会出现，那还分为二级分类，那医药方面也会分动物保健方面，人体保健方面，或者医药方面会做个细分，像您公司做药品方面，我们也会有比较匹配的翻译去做，相信这样去做会质量更好。

8、质量控制：

质量控制我们一直都在说，我们质控做的非常不错，我们所有质量控制都有翻译，较稿，审稿，包括最后一轮QC把控整个翻译的质量，我们跟其他公司不同的地方是，刚提到我们是用ＥＲＰ管理系统去管理的吗．所以我们针对每个翻译师也好，校对人员也好，审核人员也好，我们都会有信用评分这样一个概念，比如说您翻译一篇文件，我们都会做及时售后回访，王小姐您对我们这次翻译是否满意，您说恩满意的，那我们系统里就会评分，比如一百分满分我们会纪录一下，这样针对整个议员的把控也好或者质量把控也好也是我们在整个行业内非常先进和独特的．

9、同传：

其实我们同传这一块我们做的非常多的，９，１０月份是上海同传服务旺季，基本上每天我们都会安排很多场同传服务，和我们公司合作的同传人员也是在上海市内资质是最好的，像近期会有蛮多的跨国公司的总裁会到上海来，上海在推那个上次看新闻里面一直在说的在上海建一个亚太区总部，还说可以奖励个800万什么的，会有蛮多领导过来，您在电视里面看到的那些采访都是我们公司安排的．

10、速度：

讲到速度的话不得不夸赞一下，因为我们名字就叫SPEED嘛，其实也就是速度快的这些意思，那我们合作的话相对的话会有一些比较大型的公司，他们会有一些大型的招投标类的文件，那现在的话我们上海的发展特别快，像这些招投标类的文件类似翻译的需求也会更多，那您也知道一般像招投标类的文件的话，就是一个字急，因为我们可以再短时间内去完成我们的翻译资料，举个例子，像我们现在做那个地铁的话，他们一般招投标标书的话大概600页，那基本上我们公司可以再一个星期左右的时间内去完成，这放到行业内其他公司是绝对不可能去做完的这样子，所以的话我们速度还是不错的。

11、母语翻译：

母语翻译怎么说呢其实我们可以给您提供两种比较差异化两种服务的选择，              因为现在我们碰到的客户有些跨国公司对质量要求也会相对比较高。那我们就会推荐给客户说“哎，您是希望我们我们国内的翻译做呐还是希望有我们外籍的母语翻译去做校对呐”因为可能特别是中翻外的时候啊，有时候提供母语翻译他的质量往往可能会相对好一些吧，这主要还是看您公司的一个需求的。 

12.、一对一 ：

因为我们公司都是客户代表制嘛，像如果我和您公司建立长期合作的话，因为之前也是市场部的那个王先生的推荐到您这里的，那市场部是由我这里负责，那当然您销售部这里也会由我这边负责，那如果您公司会除了有翻译以外，像印刷啊，多媒体译制的话，那也是由我这边去负责的，那因为我在这个行业也做的时间也比较久，那这样的话也可以给您带来一个更专业的一个服务。

13、售后：

我们公司会提供比较好的售后回访这样一个机制，如果您翻译做完之后，我们就会有销售主动跟您联络，看看是不是一些反馈之类的，我们都会做的比较不错。像现在我们也会对自己的ERP系统，做一个更深一步的研究和开发！那之后可能会更方便您的一些反馈，比如我们出稿的时候，我们会发邮件给您，邮件下面会有一个比较好的链接，链接您只要轻轻一点，里面就会有近期您合作的一些内容，然后如果您对我们满意或者不满意或者尚可，您都可以及时的在里面点下。反馈的速度也是非常快。我们的销售包括翻译人员也会第一时间了解您的反馈，给到您一个更好的下一次的服务。

14、大项目：

我们公司比较擅长大型工程技术类的翻译项目。主要是我们源于交大的吗，像我们这边80%笔译都是偏技术类的。像您医药公司，肯定是技术类文件偏多，这是我们最擅长的。我们会有像赛诺菲，强生他们都会指定我们做翻译供应商这样子的。

15、词汇单：

如果您公司会和我们建立长期合作的话。因为我们会针对长期合作客户，都会有个专门免费为您公司整理的针对性词汇单，这个服务非常不错的。因为像医药行业里，怎么讲呢，还是蛮钻的一个行业。我们平时做翻译，100个翻译里面可能就没几个能做医药方面的，比较出色的翻译师。这就有赖于我们词汇单。因为我们的词汇单，把一些固定的说法包括同行业词汇可以统一归类使用，其实对我们进一步提高我们翻译品质，包括进一步减少您修改工作量会有很大帮助！

16、保密：

保密性的话其实对于我们公司来说根本不是问题，因为首先的话我们有很多客户他们都是需要我们提供这样一个保密的原则，而且都会和我们签订长期协议的嘛，这是一个，另外就像我们刚刚提到，我们内部都是使用ERP系统去做管理的，然后我们基本上每个人都会有自己的一个不同的权限号和自己的用户名密码，这样我就不能登录到我其他同事的一个电脑上，所以的话每个人能看到东西也就很局限了。第三的话因为我们都是用专职翻译的，其实不管是专职也好兼职也好，我们内部所有的员工都会签订保密协议，所以这一点倒是您完全可以放心的。 

17、软件支持：

说道我们强大的软件支持就要提到印刷了，因为一般普通的翻译其实比较简单，像WORD PPT啊 PDF啊之类的，像印刷的话就会涉及软件比较多，像我们可以用的东西还是比较多的像InDesign，FrameMaker，Quark之类的软件我们都可以用，像有一次我们其他那个，上次碰到的一个什么客户啊，我有点不记得了，然后据说他们的有一些服务的供应商连InDesign的都打不开，最后比较麻烦，然后再跑到国外去要一些文件，其实给工作带来蛮多的问题的。但我们这边都是可以利用，然后国外的文件直接过来我们都可以直接去印刷的，这样方便很多的。

18、长期协议：

嗯~长期协议的话是这样的，因为现在越来越多的的公司喜欢和我们公司签订长期协议，一个呢是我刚刚提到，因为签订长期协议呢我们会为您公司建立一个专门的而且专业的词汇库，而且不断的累积，然后第2个呢，除了我们有专门的固定词汇库以为，如果和我们公司签订长期协议，我们还可以组建专门的翻译团队，就如果您公司过来的资料基本上我们固定下来五个翻译，那我们就这五个翻译里面做。然后这五个翻译呢也基本上不会去变，然后的话他对您公司的一些产品啊，包括东西肯定是越做越了解嘛，所以的话东西肯定是越来越好的。

20、同传设备：
我们公司可以提供蛮多服务,可以提供行业内最好的同传,用了同传就肯定要使用设备的.设备说它烦不烦,说实话也蛮烦的,包括主机,翻译机,还会有接受器之类的,如果碰到不专业的公司,有可能会少了一样,即使同传人员再好,设备不好的话也不能保证整体翻译的效果.如果用我们公司的同传人员和设备这样一体化的服务的话,我们都会有专业傅帮您现场协调/调试.所以客户都会指定我们用我们的同传人员和设备的 

21、地理位置：
我们在徐家汇,地铁出来就是了.差不多有1000平米大,地段比较好.如果有客户到我们公司来参观,都会觉得我们公司规模非常大.人非常多

22、成立历史：

我们基本上差不多，我们公司是94年就已经开始成立了，那个时候我记得在上海翻译行业内公司不多，真心不多，不像现在一些鱼龙混杂的像一两个人，一个电脑，而后就说自己有个翻译公司的，那我还记得当时和我们，当时的话确实不多，即使发展到现在的话，像我们公司因为是规模最大，市场份额第一的，其他公司基本上听不太到了。"
商机7问完整版,"随时突出优势：翻译方面，我们是上海规模最大，市场份额第一的专业公司，公司成立20年了，我们在业内是历史最悠久的了，在外资企业中的品牌知名度也是最高的

翻译这块我们特别擅长各类技术领域的笔译和口译，包括高端会议的同声传译，印刷主要是各类样本的印刷

从样本翻译一直服务到印刷为止，一直是我们公司的强项

1）谁：畅谈合作历史，提高信任，找出需求部门和人，从组织结构里看合作历史，先谈合作过的部门，再谈人名（因为以前合作的联系人可能已经离职），并务必确认系统中有合同的联系人是否在职，并找出接替者

我看我们系统中显示的，像xx部门的xx，我们早在2010年就开始合作了，还有好多人，如。。。，不过他们好像现在都离职了，或不负责这一块了，
谢谢您的推荐，请问您贵姓（最好全名）？分机？什么部门呀（可根据常识判断可行性）？

您的邮箱能给我一下吗？我稍后发个邮件过来，上面会有我们的联系方式和简单的公司介绍

请问最后这份资料是您用呢还是给其他同事用的？这块业务是跟您联系吗？（分清角色（决策者、使用者、对外接口人）

2）什么：明确对方需要哪方面的业务？（笔译、口译、印刷、多媒体译制）
翻译：是哪个语种，关于什么方面的？你们一般什么情况下会有这方面的需求？你们是自己翻呢还是找专门的翻译公司？我们根据客户的具体需求，提供不同层次的服务，要求高的翻译，我们还能提供母语翻译（一般情况下是国内译员）
印刷：(1)是样本呢还是宣传单？你们除了这个要印刷，还有什么其他资料需要印的吗？

      (2)上一次的量？价格？页数？(3)和您合作的是设计公司还是印刷厂啊？ (4)分清决策者，使用者的角色 (5)使用部门？用于何处？以判断需求真实性 

印刷要求高：如艺术纸，环保油墨，特殊工艺，这些特殊纸张是由于你们要求做的和国外的样本一样呢，还是自己根据供应商提供的纸样挑选的？印刷的时候您去现场跟单吗？ 

3）时间和量：询问对方的频率及量有多少？ 需求时间？

过去半年或1年内大概情况如何？ 最近1次大概是怎样的？近期大概何时会再有这方面的需要？ 

一般大概多久会有一次啊？一般一次有多少量呢？是哪位在负责呢？

印刷：最近半年内有多少种样本？每本一般多少页？关于什么方面的样本？一次印刷多少份？彩色还是黑白的？

印刷业务请分清需求类别：
   ①外国寄过来的样本，直接按照样子先翻译后印刷（我们的强项，且没有操作难度）
   ②改版印刷：以前印刷的基础上少量改版，再印刷（以前供应商手上有原始的电子文件，不需要重新排版，比我们有制作上的成本优势）
   ③从素材中整理设计，排版到印刷（以前供应商设计如何？注意：设计不是我们强项）

4）应用背景及对手：用途及如何解决（可帮助判断商机的可行性和具体发生的时间）
   请问翻译好或印刷好之后是用在什么地方的？以往你们是如何解决的？（找供应商、内部？）现在公司是怎么解决的？自己翻译的多还是找外面的翻译公司多？

   摸清对手：①这几家供应商有何区别？合作多久了？从哪儿来的？如何决策的？ 你们倾向哪家？为什么？

       ②长期合作的供应商还是随便找的？合作多久？这家供应商从哪儿来的？（通过什么方式找的）
       ③合作的怎么样？（找出突破口）：速度，质量，服务怎么样？什么地方好？什么地方不好？如果我们有机会合作，您觉得希望我们在什么地方做得更好？合作下来感觉什么方面的问题是您目前最头疼的？

直接要求比价格：问下之前的价格，印刷厂还是广告公司，怎么会合作的呢，合作多久了 
需要报价单：这些业务都是根据具体情况报价的，有多个变量会影响价格，所以没有标准报价单的，可以根据您最近发生的或将要做的一个内容，给您算一个报价的。
不配合的客户：(1)从侧面了解该公司的决策者是不是此人？ (2)先发邮件，后期根据邮件有没有收到再次跟进并了解情况(3)挂电话之前顺便问到以后遇到这种业务我是和您联系还是和谁谁谁联系？ 

5）加人：发掘更多部门和联系人,找出商机跟进其他突破口
    ① 全面联系其他联系人，尤其是有合同往来的联系人，确认是否在职，是否继续负责
    ② 通过介绍与这些人的合作渊源，从其他可能与你通话中的所有人口中了解该公司目前有需求的所有部门名称和联系人

顺带麻烦问一下，我们以前还和什么部门的某某同事合作的，她/他现在还在职吗？现在是哪位同事在接替他/她的工作啊？ 想问一下你们现在是谁负责翻译和印刷这块呢？ 
一般市场部、采购部或行政部也会有这方面的需要，请问还有什么部门或同事有这方面的需要？谢谢推荐啦！

挂机前：请问这方面的事情以后是联系您比较方便呢？还是联系xx比较方便呢？"
合作案例,"我们也有一直有给心脏瓣膜这里的这个教育部的同事有提供这个笔译呀，还有会议的同传和同传设备的一个租赁的服务。
包括他们去年年底的那个嗯活嗯在上海洲际的活动，然后呃上三月八号北京解放军总院的这些活动，我们都有提供这些嗯同传口译和同传设备的。"
医药案例和客户,"1）经验：在医疗行业，我们有着非常丰富的翻译、多媒体译制、口译等经验，拥有资深的翻译人员
2）我们的客户：包括Johnson & Johnson(强生)、Nycomed(奈科明)、Solvay(苏威制药)、Boehringer Ingelheim(勃林格殷格翰)、Roche(罗氏制药)、AstraZenica(阿斯利康)、OMRON(欧姆龙)、西门子医学诊断、施贵宝、日机装等众多沪上知名跨国公司。
3）案例：我们为客户提供关于药品、医疗器械产品注册资料、器械产品操作手册、市场推广、医药文献、临床试验、网站内容、培训文档等一系列相关资料的翻译项目、视频资料译制、同传口译等方面的服务
 （1）申淇:4000页药物涂层冠脉球囊导管产品注册资料（专业设计医学、医疗器械、化工测试、机械制造、质量管理等诸多领域）
 （2）拜耳：左炔诺孕酮宫内节育系统相关资料1000万字处方抗肿瘤药、抗感染药注册资料
 （3）碧迪：疫苗接种的针头和注射器管理指南听写+翻译+配字幕
 （4）爱德华：心脏瓣膜产品市场宣传、技术研讨等各类视频的听写+翻译+配字幕
 （5）日机装：20万字血透仪的日文文献资料
 （6）3M:300分钟+口腔护理、输液设备视频听写+翻译+配字幕"
医疗,"在医疗行业，事必达有着丰富的翻译、设计印刷等服务经验，拥有资深的翻译人员

1）我们的客户：包括Johnson & Johnson(强生)、Nycomed(奈科明)、Solvay(苏威制药)、Boehringer Ingelheim(勃林格殷格翰)、Roche(罗氏制药)、AstraZenica(阿斯利康)、OMRON(欧姆龙)、德灵诊断、施贵宝、日机装等众多沪上知名跨国公司。

2）服务内容：我们为客户提供长期的关于药检局申报资料、诊断产品操作手册、各类医药产品样本、培训用录像带和DVD的译制等方面的服务

3）项目清单:
(1) 美国德灵诊断系列药品申报资料以及AutoSCAN等医疗测试设备操作手册
(2) 瑞士罗氏诊断医疗产品操作手册及产品样本 
(3) 日本欧姆龙系列保健设备操作手册
(4) 美国强生血糖仪系列设备操作手册及专利
(5) 日本日立医疗器械技术资料和操作手册
(6) 美国GE医疗技术资料以及产品手册"
化工,"1）客户名单：杜邦、FMC、BP、拜耳、欧姆龙、Akzo Nobel、巴斯夫、汽巴精化、空气化工、中化国际、阿克苏诺贝尔、BP等众多知名跨国公司。其中，巴斯夫、拜耳等公司均与我们签订了长期翻译服务协议。

2）巴斯夫
集团公司包括:上海巴斯夫、北京巴斯夫、东亚巴斯夫、巴斯夫应用化工、巴斯夫聚氨酯等

项目清单:
(1) 巴斯夫集团新闻报道、媒体及公关活动等资料
(2) 巴斯夫漕泾等各类化工项目
(3) 巴斯夫染料化工产品样本设计印刷项目

3）拜耳
项目清单:
(1) 拜耳中国、拜耳医药保健、拜耳聚合物、拜耳材料创新集团、拜耳东南亚等
(2) 我们为拜耳集团成功完成众多项目包括:
(3) 拜耳新加坡二十余册系列产品样本、技术资料的翻译印刷服务项目
(4) 拜耳欧洲化工专利技术文档翻译

4）其他化工公司
我们也与其它众多知名化工公司长期合作，参与的项目包括:
(1) 美国亨斯迈聚氨酯化工产品技术资料
(2) 美国罗门哈斯化工行业技术交流会资料
(3) 荷兰阿克苏诺贝尔技术资料
(4) 法国阿托菲纳公司相关新闻"
金融,"1）事必达拥有众多具有银行金融背景的资深译员。我们为全球知名的银行提供长期的翻译服务，包括汇丰、大通、德意志银行、美洲银行、美国银行、花旗银行、意大利西雅那银行、中国工商银行等

2）保险客户：丰泰、太平洋、平安保险、纽约人寿、慕尼黑

3）项目清单:
(1) 美国银行内部操作规程培训
(2) 中国银联业务运作、入网系统、技术规程及宣传资料等
(3) 新加坡大华银行风险管理项目
(4) 其他众多外资银行提交银监会的各类资料的翻译项目"
化妆品,欧莱雅、强生、美宝莲、联合利华
汽车,GM、伊顿、上汽集团、雪铁龙、雅马哈、宝马
计算机及通讯,"1）在信息技术及计算机行业，事必达拥有丰富的翻译、设计印刷等服务经验。我们的客户包括英特尔、惠普、NEC、IBM、迈拓、Sun、爱普生、IBM、富士通、LG电子等众多知名跨国公司。我们为客户提供长期的翻译、设计印刷等服务，并保持良好的合作关系。

通讯公司：西门子、阿而卡特、爱立信、诺基亚、AT&T，朗讯、上海贝尔阿尔卡特、阿尔斯通

2）案例：
(1) 法国阿尔斯通地铁信号系统招投标项目
(2) 上海贝尔阿尔卡特公司系列通讯设备项目
(3) 上海华东电管局电力设备系列技术手册
(4) 美国英特尔芯片类产品的文献资料
(5) 日本富士通最新产品的技术资料与研发资料的翻译
(6) Sun公司新闻发布会口译
(7) 德国西门子各类自动化产品样本
(8) 德国西门子移动通信、通讯网络解决方案项目"
建筑,"1）在建筑领域，我们拥有极其丰富的翻译经验，包括各类建筑业工程施工设计文件，行销报告、建筑招投标文件和标书合同等

2）我们服务的公司及成功完成的项目包括:
(1) 华东建筑设计院
(2) 法国GSE公司
(3) 阿姆斯壮建筑制品公司
(4) 日本清水建设株式会社
(5) 浦东国际机场扩建项目
(6) 松下电工建筑项目、神户制钢项目、惠州大亚湾新建工厂项目等"
气体化工行业,"我们参与的项目包括:
(1) 英国BOC关于工业气体和真空技术等的大型工程项目的技术资料
(2) 法国液化空气公司氢氧站设计规范和公司技术、管理系列程序文件
(3) 美国空气化工公司危险品运输培训资料
(4) 德国梅塞尔公司季刊资料"
开关自动化,"1）公司清单：GE、艾默生、ABB、LG
2）案例：
(1) ABB开关装置、配电变压器、低压开关柜等产品操作手册和维修手册翻译
(2) 日本富士电机系列开关装置、配电变压器、低压开关柜等产品宣传样本和操作手册从翻译到制作印刷的一条龙服务
(3) 日本欧姆龙公司技术资料翻译"
咨询,"1）我们拥有具有管理、公关、市场等专业背景的众多资深翻译，为全球领先的跨国咨询公司提供长期的翻译服务，包括麦肯锡、普华永道、罗德公关、博雅公关、波士顿等


2）项目清单:
(1) 上海国际汽车城战略咨询项目
(2) 日本三菱汽车市场拓展项目
(3) 日本普利司通汽车轮胎中国区品牌促销方案
(4) 美国麦肯光明化妆品市场调研和分析报告
(5) 法国欧莱雅化妆品市场调查项目
(6) 德国西门子公关项目酒会口译"
物流,"1）客户：TNT、东方海外、GESEACo、曼内斯曼、KDF、和黄天白、铁行渣华
2）案例
(1) 德国西门子物流与装备系统，新型智能系列物流设备技术资料
(2) 大福自动化物流设备物流专业字典翻译
(3) 汉堡南美公司的资料翻译及公司介绍DVD译制"
船舶,"(1) 日本雅马哈船外发动机系列产品安装、维修和用户手册翻译印刷
(2) 日本三井物产公司大型进口设备项目商务和技术谈判口译"
机械,雅马哈、三菱
电器,Philips、NEC、三星、博朗、宝丽来、特灵空调
电气,GE、艾默生、ABB、LG
广告,奥美、麦肯光明、旭通、博报堂
领事馆,美国、加拿大、日本、英国、比利时、爱尔兰等国驻沪领事馆
外国翻译公司,美国、新加坡、香港、日本、比利时、丹麦等国家和地区的翻译公司
食品,可口可乐、百事、雀巢、达能、利乐、IBP
法律,美国凯寿律师事务所、英国路伟律师事务所、美国美富律师事务所、澳大利亚铭德律师事务所、德国申特海姆律师事务所、新加坡谢凯文律师事务所、法国铁法理律师事务所、阿姆斯壮蒂斯岱律师事务所尔、比邻德立律师事务所、西盟斯律师事务所、美国美迈律师事务所
酒店,金茂君悦酒店、香格里拉酒店
注塑,克劳斯玛菲
轨道交通,庞巴迪运输、庞巴迪公司、南车株洲电力机车研究所有限公司、华东电力设计院、华东建筑设计研究院、机械工业第六设计研究院上海分院、上海市隧道工程轨道交通设计研究院、上海船舶重工集团
活动+展会搭建案例,"东芝、三菱，住友商事，住友电工，基本上也都是我们公司的长期客户嘛。
他们比如说每年接下去三月份不都是会有一些活动啊，或者是展会啊，我们可以提供这种展台的一个搭建。
还有就是比如说组织一些小规模的一些v i p客户的一些啊，比如说新品发布的一些活动，包括这个活动室内的一个搭建啊，包括茶歇啊，还有就是那个部长啊，这些我们都都是可以提供这个一体化的一个服务嘛"
商务礼品案例,"包括在这个活动上，比如说展会去随手赠送客户的呃一些商务礼品。
像什么像我们前段时间有给那个网评做那个充电宝啊，然后有给那个就是电工有有做那个呃，就是这个很多什么来着，那个他的那个咖啡杯啊，然后这些我们都是有这些很多成功案例嘛，所以不知道你们公你们代表处的话，平时那个那个那个会不会有这方面的一些需要呀？"
认证,ESG报告类翻译，很多认证公司都是找我们做的
针对日企翻译业务介绍,针对日企翻译业务介绍
