题库,试题,参考答案
翻译销售规范-印刷流程,若销售需要设计人员与客户沟通，该如何处理？,设计人员原则上不与客户沟通，若客户执意要与设计沟通的情况下，尽量以电话形式沟通，如需当面沟通，由销售主管与制作主管事先协商安排
销售-ERP下单-采购需求,"根据客户提供的PDF文件写出采购需求：
1）印刷规格等各项要求,根据样本情况使用常规规格
2）并且，由于客户没有印刷经验，客户印刷需要量也不多,只需要300份,因为是新客户,为了成单,提供阶梯报价,报价份数销售自已定
","页数:24p 
尺寸:210x285mm 
材质:封面250g哑粉、内页157g哑粉 
工艺:封面封底覆哑膜 
颜色:4色
装订:骑马订
份数:300/500/1000"
销售-ERP下单-采购需求,"根据PDF做采购需求登记
1、印刷份数1000份
2、规格根据文件看
3、纸张客户没有特别要求,按常规纸张和厚度就可以","尺寸:210*297mm
纸张:250g铜版纸,过光油
颜色：4C/4C
份数:1000份
后道:2折页"
销售-笔译-FAQ,什么是SDS文件，用途是什么?,"1、SDS英文全称为Safety Data Sheet，即安全数据表，也有翻译做“化学品安全技术说明书”，
2、它是化学品生产、贸易、销售企业按法律要求向下游客户和公众提供的有关化学品特征的一份综合性法律文件，包括了化学品组分信息、理化参数、燃爆性能、毒性、环境危害，以及安全使用方式、存储条件、泄漏应急处理、运输法规要求等方面的信息
3、SDS/MSDS的用途：海关商检、危化登记、货代报关、客户要求、国外通关、企业安全管理"
销售-笔译-FAQ,翻译文件中，若客户询问slogan是保留原文还是翻译出来好，我们该如何回复？,"1、一般外国公司的Slogan若需翻译，会请广告创意公司做“创译”，需符合公司的定位，本土习惯等，有一定的成本代价的，非普通的翻译
2、有的公司是保留，不翻译的，具体视情况而定
3、若需我们对Slogan翻译，若不额外收费，我们会尽量领会它的含意，进行翻译，可以提供1-2种翻译，客户可以根据公司定位情况再进行修改"
销售-笔译-报价,当客户的稿件比较多，是否需要分批交稿？,"1、按照以往合作的模式，给客户分批交稿
2、根据客户要求，按先后顺序分批交稿
3、若稿件已句对并开始翻译工作后，客户提出要分批交稿，我们只能按原来文件的编号顺序分批交稿，不能更换
4、若稿件是单个页数较多文件，不建议将文件拆分后分批交稿，尽量还是一起出稿"
销售-笔译-报价,当遇到采购+最终用户，在关于价格的三方跟单过程中，我们需要注意哪些,"1、不要草率的答应还价；
2、了解决策权在哪一方；
3、出费用的是哪一方；
4、多方交叉了解内部情况；"
销售-笔译-报价,收到客户需求，当统计后报价金额大于5000元时，我们应怎么做提高签单成功率？,"1、不能盲目报价，我们应先与客户沟通，增加签单成功率（先口头报价，不书面报价）
2、了解用途（是否必须）
3、交稿时间
4、预算
5、是否比价
6、签单流程
7、决策人和使用人"
销售-笔译-报价,老客户公司新联系人，报价后客户对报价疑义，该如何处理？,"1、立即跟进，不拖，避免丢单（能电话联系的，建议直接电话联系）
2、给客户介绍我们与他们公司的合作历史，与该公司其他同事的价格一致性
3、了解客户觉得疑义的真正觉因，了解客户预算，明确可行性
4、针对客户的问题，有效解决，尽快签单"
销售-笔译-报价,"客户询问怎么收费的,什么时候能完成,我们该如何回答?","您此次需要翻译的资料是哪个语种的呢?关于什么方面的?文件可以先发给我们看一下吗?

我们是按字数收费的,不同的语种,不同要求价格不一样

哦,这个我们翻译过很多啦,我们服务的很多是世界500强企业,80%的公司都和我们签了长期协议,对我们都很认可的,像XX、YY、ZZ都是由我们提供服务的,我们有非常强的译员团队,会安排专业对口的译员,而且我们还有行业内最好的数据库

您是否可以将需要翻译的资料发送给我,根据您的资料我给您具体报价和交期

您之前这类的翻译工作是怎么解决的呢?

具体什么时候需要呢?"
销售-笔译-报价,"客户说不需翻译,只要校稿,怎么收费的,我们该如何回答?","校对的费用主要取决于翻译稿的质量,所以您可以将原稿和目前已有的翻译稿一起发给我们,我们会有老师自己看译稿的质量后,就能报给您报价了
想问一下,这份资料的翻译工作是谁做的,是你们自己员工作的,还是其他供应商做的?
你们觉得质量如何?什么地方不满意,
校对的重点在哪儿?需要达到什么效果?"
销售-笔译-报价,"客户说文件中有大量的相同部分,如何计费的,我们该如何回答?","我们收费标准都是一样的,不管相不相同,我们都要经过三轮质检的,都是要费时费力的
如果您的文件中存在大段的相同,不需要我们翻译的,可以圈出来,我们不收费的,
具体您可以将文件发过来,我们先看一下"
销售-笔译-报价,"客户不认可中文字数结算,我们该如何回答?","翻译行业,英译中基本都是按中文不计空格的字符数结算的
一般英译中,英文到中文会有一定的比例关系,比如1个英文约等于2个中文,例如英文的we,是1个单词,翻译到中文是我们,是2个字符。
整个行业都是按英文单词乘以2折算到中文字符计算的。这样一开始,字符数就确定下来了,金额也明确了,哪怕实际翻译下来,如果啰嗦了,中文字符多了,也不会问客户再收费"
销售-笔译-报价,"客户说我们价位比价高,我们该如何回答?","不会啊，我们的价格并不高呀。因为我们是做翻译这一行的，每年都会作行业内的市场调查，我们在行业内肯定不高的。
您为什么会觉得我们的价格偏高呢？LV和海宁皮革城的包包价格肯定区别大了
您的量一般是多少？若您需求量大的话，会有项目折扣的。您的质量要求大概怎样的？其实质量和价格是相关的嘛
您现在有东西需要翻译吗？可以发过来，我先核算个价格，关键是看总价吗
您是否以前有过别的供应商？别的供应商情况如何？（包括价格和以前服务的评价，优劣）
字数统计上，我们按实际字符数，空格空行都不算。而其他有一些翻译公司，他们是按国家出版社规定计算的，是一页中最长行乘以最长列，空格空行都计算在内，显而易见他有30%~40%是水分在里面。
另外，他们一般是不提供扫描的，而且图形的地方还要折算成中文字另外收费，另外排版也是不做的，只是帮你文字输入，如果要排版都要涉及到额外收费的问题。排版上，我们翻译完后都是按原稿的格式排版，格式几乎一模一样，如果有图的话，我们都是扫描，而且少量图形我们都不额外收费的。"
销售-笔译-报价,"客户询问怎么收费的,什么时候能完成,我们该如何回答?","您此次需要翻译的资料是哪个语种的呢?关于什么方面的?文件可以先发给我们看一下吗?
我们是按字数收费的,不同的语种,不同要求价格不一样

哦,这个我们翻译过很多啦,我们服务的都是世界500强的企业,80%的公司都和我们签了长期协议,对我们都很认可的,像XX、YY、ZZ都是由我们提供服务的,我们有非常强的译员团队,会安排专业对口的译员,而且我们还有行业内最好的数据库
您是否可以将需要翻译的资料发送给我,根据您的资料我给您具体报价和交期

您之前这类的翻译工作是怎么解决的呢?
具体什么时候需要呢?"
销售-笔译-报价练习（陈帆）,"报价+合同录入练习9-5个WORD文件全部需要翻译，请统计报价，并录入合同

1）单价为标准价
2）分批交稿
3）录入合同时按规范操作，阅卷后再将金额改为0
4）合同对内备注请按规范要求写","稿件内容：第三届董事会2022年度第一次会议材料.doc等5个文件
页数：88页
翻译语种：中译英
数量：52617个中文字符
单价：0.280元/中文字符 
翻译金额：RMB 14733.00

交稿时间：收到您的确认后9个工作日交稿（若需要可以按要求分批交稿）。    
交稿方式：与原稿对应的Office文档，例如Word、Excel或ppt等文件（排版参照原文）   
付款时间：翻译交稿后 **30天内** 付款（1个月内，我方免费提供修改服务。上述支付日期及服务费金额不受翻译稿件是否需要我方修改之影响。）

违约责任：双方确认后，若客户方要求终止，则客户需按确认的单价承担我方已完成部分的所有费用，以及支付未完成部分费用的30％作为违约补偿。
烦请回复确认，我们会在收到您的确认后马上安排开始工作。


若有任何疑问或问题，请随时与我们联系，谢谢！"
销售-笔译-报价练习（陈帆）,"中译英,统计+报价+录入合同练习
1）以上海嘉赛信息科技发展有限公司为客户公司
2）建商机后，报价并发送邮件
3）中译英，除P9的图片外，其余页的图片也需要翻译
4）常期客户7折
5）根据报价建合同","您好 

关于您此次文件翻译工作，具体报价如下

稿件内容：TST产品推广材料.pptx
页数：21
语种：中译英
数量：   7492个中文字符数
单价：   0.196元/个中文字符数
翻译金额：RMB 1468.00
交稿时间：我方可在收到您确认后3个工作日交稿   

交稿方式：与原稿对应的Office文档，例如Word、Excel或ppt等文件（排版参照原文）   
付款时间：翻译交稿后 **30天内** 付款（1个月内，我方免费提供修改服务。上述支付日期及服务费金额不受翻译稿件是否需要我方修改之影响。）

违约责任：双方确认后，若客户方要求终止，则客户需按确认的单价承担我方已完成部分的所有费用，以及支付未完成部分费用的30％作为违约补偿。

烦请回复确认，我们会在收到您的确认后马上安排开始工作。

 
若有任何疑问或问题，请随时与我们联系，谢谢"
销售-笔译-商机跟进,"销售在电话开发时，遇到一个客户说有项目需要小语种俄语和哈萨克语的翻译服务，内容是需翻译他们公司出口到国外去的设备的说明书，据了解新公司已有供应商，此联系人不是最终决策者，但可以帮我们推荐。我们与该联系人以前的老公司发生过不少业务合作，与此联系人以前有过接触但没有合作过，现此人跳槽到一家新的能源行业的公司


请撰写一封电话跟进后的开发邮件，想办法让他帮忙推荐我们",不公开
销售-笔译-商机跟进,客户问Hazop报告翻译我们能做吗，我们该如何跟进？,"1、先在网上查一下，Hazop报告是什么？
（Hazop报告指的是一种用于辨识设计缺陷、工艺过程危害及操作性问题的结构化、系统化分析方法的分析报告）
2、一般此类报告用于化工和医药企业
3、告诉客户我们可以做，同类资料翻译经验丰富，我们质量控制优势
4、邮件素材里，或者企微素材里找些案例发过去
5、将商机七问问清楚
6、请客户把文件发过来，我们提供具体报价和交期"
销售-笔译-商机跟进,若客户提出需要母语翻译或母语润稿服务，我们在跟进时注意哪些细节？,"1、了解要求：询问客户，要之前中英文定稿稿件（看我们能不能做到这个质量水平）
2，试译：母语翻译成本较高，不提供免费试译
3，应用背景：了解客户文件的应用背景，与期望多高
4，交稿时间：因为外籍译员有时差，一般1000字左右的新闻稿至少需要2个工作日交稿"
销售-笔译-商机跟进,"客户提到暂缓的事情,我们该如何操作,能不忘记并及时提醒客户?","1、在系统联系人跟进处，设置下次跟进时间
2、新增商机，若是需长时间跟进的，可以请管理修改跟进周期和下次跟进时间"
销售-笔译-商机跟进,当报价里有多个文件，且属于客户的不同部门，这时我们该如果推进尽快确认报价？,"1、确认文件分别属于哪些需求部门
2、找到不同需求部门联系人、决策人，将报价拆分，分别确认"
销售-笔译-商机跟进,哪些情况下，我们可以向客户推荐高端的翻译业务？,"1、根据客户稿件内容推荐合适的报价
2、对外的新闻稿
3、对外的微信文章
4、高端业务的宣传手册"
销售-笔译-商机跟进,商机多少天没有签订的，我们应该安排交叉跟进？交叉跟进有什么好处？,"1、5天没有签订的商机，应交叉跟进
2、通过交叉跟进，从不同角度了解不能签单的原因，更接近真实的情况，利于及时解决问题
3、交叉跟进，能增加跟单的力度，提升企业实力的印象，加快签单速度，提高成功率"
销售-笔译-商机跟进,"客户问交货能快点吗,比较急用的,我们该如何回答?","讲到速度,其实我们是行业内几乎最快的了,我们公司的品牌名字就叫SPEED,就是速度的意思

您具体时间上的要求是?如果能给我们充足一点的时间,译员翻译的质量也能更容易控制一点

很多我们长期合作的大公司,经常会有大型的招投标文件的翻译,都非常急的,而我们总是可以在很短时间内去完成翻译工作,举个例子,我们最近做的地铁项目,一个招投标标书大概600页,基本上我们一个星期就完成了,这放到行业内其他公司是绝对不可能搞定的,因为我们的ERP系统非常先进,能支持的非常好"
销售-笔译-商机跟进,"客户问资料翻译,能快点吗,比较急用的,我们该如何回答?","讲到速度,其实我们是行业内几乎最快的了,我们公司的品牌名字就叫SPEED,就是速度的意思。
您具体时间上的要求是?
如果能给我们充足一点的时间,译员翻译的质量也能更容易控制一点。
很多我们长期合作的大公司,经常会有大型的招投标文件的翻译,都非常急的,而我们总是可以在很短时间内去完成翻译工作
举个例子,我们最近做的地铁项目,一个招投标标书大概600页,基本上我们一个星期就完成了,这放到行业内其他公司是绝对不可能搞定的,
因为我们的ERP系统非常先进,能支持的非常好"
销售-笔译-商机跟进,英译中，客户签合同时发现以中文字数结算，认为有问题，我们该如何说服客户,"1)如果客户是比较计较的，事先要做好功课，控制报出去的中文字数
2)这个行业有两种算法，一种算法呢是按照以前出版社的标准，拿文件里面的最长行乘以最长列计算的。第二种算法是按照word里面工具--字数统计（不计空格），我们是按照第二种算法的。翻译是按照字数来计算费用的，标准做法其实是按照第一种算法的，但是我们采取的是第二种，对您来说已经是很划算的了。
3)其实字数统计中有一些字数的偏差也是正常的，有时候我们亏一些，有时候你们会亏一些，但是从平均来看其实是差不多的，因为我们做的都是长期客户，长期来看都差不多的，而且这个行业也是这样做的。哪怕这次亏了没关系，按照概率来说，总归会有高有低的，因为没这么准的。
4)按照翻译行业，我们都是按照中文字数去结算的，如果说您按照最后的以实结算的话，对于我来说，因为我是销售，我无所谓的，但是问题是有一点我们会容易失控，为什么呢，因为同样一句话你知道可以这样翻，也可以那样翻，翻出来的字数不一样的。如果下订单的时候以实结算的话，最后很有可能会发生一件事，记过几轮翻译，校稿，审稿之后，大家都知道这批稿子是以实结算的，所以都会罗嗦一点。你说他错吗，没错，只不过不大精炼罢了，那多了10%-20%是很正常的事情，那这样的话会对你整体质量有点影响，所以你想把这个因素，让这种潜在的、危机的因素放在那边吗，所以一般来说我们建议客户都定好量，大家做干净，就按照这个字数算。因为这个事没办法的，翻译毕竟是人翻的，政策不一样会导向他做不同的事，这也是没办法的事，当然我可以要求生产部精炼一些，但是这就不是我能控制的事啦。这也是行业的特点，行业里都是这样做的，所以一般行业里面的公司，处理英译中的稿件，基本上是事先定好的，否则后面很有可能字数一下子偏多，甚至远超你的预算，这时候，作为我来说就有点不好意思了。当然我们公司会比其他公司做的好一点，因为我们有译校审三轮，哪怕第一轮翻译的罗嗦了，后面会改的精练一点，第三轮也会改的更精练一点，但是，如果基础做的比较庞大一点的话，后面修改后还是会比较大的，这也不是我能够控制的了，如果时间紧的话，可能会有些麻烦。"
销售-笔译-商机跟进,目前客户有10万字的中译英，以前和我们合作过，此次项目有其他供应商介入，且价格比我们低，我们可以如何说服客户,"1）前两天把我们的报价发给你了，不知道你看到了吗？那您看下来现在这个价格有什么问题吗？其实您很有眼光的，我们确实是做的最好的。我想请问一下，您这次翻译的资料是哪一方面的？化工我们做的太多了，因为我们主要的最大的一个行业就是化工。像BASF，BAYER，HENKEL，DOW，都是指定用我们的翻译服务的。像您这样的技术手册，我们基本上每天都在翻译的。质量肯定是没有问题。像您现在这个项目有什么心理预期呢？
2）我们做这个行业已经10多年了，一直做市场调查的。我们的价格不是最低的，也不是最高的，当然外面价格比我的低的也有，像之前DSM也做过类似的项目，找过一家价格比我们低的供应商，最后翻译出来后发现很多的问题，还要重新做。最后不得不联系我们，价格付了两遍，和我们联系的客户也被老板批评了。
3）其实我们和您合作了那么多年一直是这个价格呀，不知道您这次怎么会觉得我们价格贵呢？
4）您以前用过他们推荐的供应商吗？其实我们要在同一水平线上去比较对哇。
5）一般我们服务的都是**类型的公司，像这样的公司首先看的都是品质，第二看性价比，比如像你们行业里面，第一家**，我们已经长期合作8年了，第二家**，我们每年和他们签订长期协议，都签了N年了，第三家**采购每年都要做供应商询价，但每年我们都把别人搞定的。第四家他们选择了4家供应商，但在4家里面，我们拿了80%的市场。为什么呢？因为我们的品质是完全符合你们这类型的企业的。你们也是首先要考虑这些的，对吗？第5家，我们一年和他们合作有100万的业务量，第6家我们上周刚完成一个类似的项目，我们在这个行业做了17年了，我们每年都会做市场调查，我们的价格不是最便宜的，但质量是整个行业最好的。所以我们既能满足您的质量，价格也是很公道的。
6）您看您和我们交情也那么深了，合作那么久，刚才您提到是您老板觉得价格有点贵，今天我们也过来了，不知道方便引荐一下你们老板吗？
7）之前提到很多公司都选择我们的，这些公司不要太聪明哦，采购都不要太厉害哦，采购比较了一圈下来，还是觉得我们的性价比是最好的，也是最匹配他们这个级别公司的服务供应商，所以说选择我们。所以你看我们的性价比有多好呀！！！既然这么多公司都选择我们，你为什么觉得我们性价比不好呢？"
销售-笔译-商机跟进,客户目前有10万字中译英，需要加急，5个工作日交稿，我们该如何说服客户拿下这个订单,"1）是这样的，我们公司针对您这次项目，我们的项目经理会首先进行分析研究分类，技术的归技术，合同条款类进行细分，技术的找技术团队，合同找合同的团队，首先确保分人分到位，第二我会通知生产部，因为您这个项目很急，我们根本没时间周转，如果分类错了后面肯定来不急的，同时如果有个人不行，到后面也肯定来不急，所以我们会让生产部找最好的人。
2）因为我们是大公司，所以我们的译员库是最大的，很多译员海是在公司工作的，所以说我们针对这样的大项目，翻译上午翻得东西，马上就可以去校稿，下午就可以去审稿了，时间差最长半天。其他公司的肯定没办法操作的。
3）因为您这边比较急，我们这边好了一部分就可以交给您了，同时您有问题立刻反馈，我们立刻修改，是什么方面的问题针对性的解决，如果是词汇，您列个词汇清单给我们，您发传真给我们，后面我们就有参照。这样一定会节省大量的时间。
4）我们的项目经理会找到一段典型代表的一段文字进行预翻，作为翻译的参考，而后同步发布给翻译部，立即开始工作。
5）我们有项目经理，针对大的项目很会整理词汇，您这次300业的资料我们会很快的整理出词汇清单，导入到我们的ERP系统当中，同事打印出来给翻译部，在翻译的时候系统有个校对的工作，看同样的词汇有没有用，是不是这样翻得。我们的项目经理经验都非常丰富，放心肯定没问题的。"
销售-笔译-业务介绍,请列出要点：我们曾经做过的，展现我们的质量、速度都得到客户认可的4个大项目,"1）招投标项目
2）贝尔阿尔卡特2000页项目
3）气体行业客户的项目
4）医疗行业客户的FDA认证"
销售-笔译-业务介绍,"请列出要点：体现我们“尤其擅长大型工程技术项目的翻译”
要求：
1）要点尽量仔细，不遗漏，方便之后的口述练习
2）每个要点文字精简，几个字即可，能起到口述时提醒自己的作用即可","1）尤其擅长大型工程技术项目和金融、法律等高端商务项目的翻译
2）为客户建立专业词汇库
3）源于交大,有非常强大的工程技术背景
4）专业对口的翻译去做
5）翻译、校稿、审稿三轮
6）计算机预处理和AI质检
7）AI派件
8）质量排名"
销售-常见场景录音实战,"拷贝不走样-1 听懂故事写要点：请写出本录音中，销售与客户沟通涉及到哪些场景要点？

练习目的：能听懂整个对话，并领悟双方的点，写下来后方便自己录音练习时按场景要点逐步展开
要点范围：1）客户关心到的问题点，2）我们试图引导客户的点
评分标准：按准确的要点数量做评分依据，要点尽量齐全，不遗漏，尤其注意：1）专业性：话术要点遗漏或优势体现的缺失，2）逻辑性：清晰流畅，3）声音：亲和、不卑不亢","话术要点
1）表明来意，突出最大、第一
2）合作历史，部门、联系人和业务
3）了解客户部门，询问如何解决
4）了解客户目前供应商情况，同时我们也在供应商系统
5）了解目前采购负责人
6）通过介绍案例，了解客户目前注册部动向
7）根据客户需求，再介绍案例
8）发送邮件
9）了解客户系统供应商情况
10）了解是否必须走供应商系统，还是可以报销
11）了解客户的翻译量
12）我们公司速度优势
13）口译介绍和优势
14）请客户帮忙推荐，询求合作"
销售-常见场景录音实战,"拷贝不走样-1 听懂故事写要点：请写出本录音中，销售与客户沟通涉及到哪些场景要点？

练习目的：能听懂整个对话，并领悟双方的点，写下来后方便自己录音练习时按场景要点逐步展开
要点范围：1）客户关心到的问题点，2）我们试图引导客户的点
评分标准：按准确的要点数量做评分依据，要点尽量齐全，不遗漏，尤其注意：1）专业性：话术要点遗漏或优势体现的缺失，2）逻辑性：清晰流畅，3）声音：亲和、不卑不亢","话术要点
1）规模最大，份额第一
2）合作的客户，医药服务领域
3）翻译团队、管理流程、行业细分
4）专业词库
5）与客户公司合作历史
6）口译、视频译制业务
7）了解其他供应商、招标标准
8）与其他医药公司的合作"
销售-常见场景录音实战,"拷贝不走样-1 听懂故事写要点：请写出本录音中，销售与客户沟通涉及到哪些场景要点？

练习目的：能听懂整个对话，并领悟双方的点，写下来后方便自己录音练习时按场景要点逐步展开
要点范围：1）客户关心到的问题点，2）我们试图引导客户的点
评分标准：按准确的要点数量做评分依据，要点尽量齐全，不遗漏，尤其注意：1）专业性：话术要点遗漏或优势体现的缺失，2）逻辑性：清晰流畅，3）声音：亲和、不卑不亢","话术要点
1）电话表来意
2）公司简介
3）ERP特点
4）医药合作公司
5）口译案例和优势
6）多媒体案例和优势
7）提供小段案例，尝试小订单合作
8）了解有几家供应商
9）多个供应商优势
10）了解供应商合作情况
11）了解供应商合作情况
12）质量控制优势
13）FDA谁负责
14）加微信
15）发邮件"
销售-常见场景录音实战,"拷贝不走样-1 听懂故事写要点：请写出本录音中，销售与客户沟通涉及到哪些场景要点？

练习目的：能听懂整个对话，并领悟双方的点，写下来后方便自己录音练习时按场景要点逐步展开
要点范围：1）客户关心到的问题点，2）我们试图引导客户的点
评分标准：按准确的要点数量做评分依据，要点尽量齐全，不遗漏，尤其注意：1）专业性：话术要点遗漏或优势体现的缺失，2）逻辑性：清晰流畅，3）声音：亲和、不卑不亢","话术要点
1）感谢客户，表明收到邮件
2）合作年限，拉近距离，表明沟通招标意图
3）了解招标是部分部门还是整个公司
4）通过医药和器械划分介绍，继续探询客户招标意图
5）通过我们的优势和成功案例，进一步了解客户的关注点
6）了解招标的原因，挑选供应的标准
7）通过性价比，了解客户决策流程，往方面提升更满意
8）通过不同公司的年量案例，探询客户的年量
9）发邮件
10）约客户拜访
11）再讲公司优势，提升约访成功率"
销售-常见场景录音实战,"拷贝不走样-1 听懂故事写要点：请写出本录音中，销售与客户沟通涉及到哪些场景要点？

练习目的：能听懂整个对话，并领悟双方的点，写下来后方便自己录音练习时按场景要点逐步展开
要点范围：1）客户关心到的问题点，2）我们试图引导客户的点
评分标准：按准确的要点数量做评分依据，要点尽量齐全，不遗漏，尤其注意：1）专业性：话术要点遗漏或优势体现的缺失，2）逻辑性：清晰流畅，3）声音：亲和、不卑不亢","话术要点
1）清楚表明来意
2）公司简介和客户合作历史
3）业务介绍和优势
4）与医药公司的具体合作
5）了解历史招投情况
6）了解选择几家供应商
7）了解客户年量
8）通过我们成功案例，了解客户公司需求部门
9）了解选择中标供应商的流程
10）价格和质量综全我们是最优选择
11）了解客户选多地供应商还是一地，介绍我们的多地服务优势
12）了解要求应标时间和是否有其他筛选过程
13）了解客户笔译和口译都需要
14）视频译制介绍和优势并推广"
销售-常见场景录音实战,"拷贝不走样-1 听懂故事写要点：请写出本录音中，销售与客户沟通涉及到哪些场景要点？

练习目的：能听懂整个对话，并领悟双方的点，写下来后方便自己录音练习时按场景要点逐步展开
要点范围：1）客户关心到的问题点，2）我们试图引导客户的点
评分标准：按准确的要点数量做评分依据，要点尽量齐全，不遗漏，尤其注意：1）专业性：话术要点遗漏或优势体现的缺失，2）逻辑性：清晰流畅，3）声音：亲和、不卑不亢","话术要点
1.说明来意
2.合作部门及业务概述
3.重点合作介绍
4.需求询问
5.近期与不同部门的合作
6.向客户了解之前销售额排名靠前的联系人情况
7.通过同公司其他部门反馈引出公司优势
8.介绍不同级别译及小语种翻译服务及案例
9.询问邮箱
10.添加微信"
销售-常见场景录音实战,"拷贝不走样-1 听懂故事写要点：请写出本录音中，销售与客户沟通涉及到哪些场景要点？

练习目的：能听懂整个对话，并领悟双方的点，写下来后方便自己录音练习时按场景要点逐步展开
要点范围：1）客户关心到的问题点，2）我们试图引导客户的点
评分标准：按准确的要点数量做评分依据，要点尽量齐全，不遗漏，尤其注意：1）专业性：话术要点遗漏或优势体现的缺失，2）逻辑性：清晰流畅，3）声音：亲和、不卑不亢","话术要点
1.合作年限
2.公司优势
3.合作历史
4.笔译合作历史及优势
5.口译合作历史及优势
6.印刷合作历史和优势
7.翻译制版印刷一体化优势
8.近期合作介绍
9.需求询问"
销售-常见场景录音实战,罗列电话开发的话术要点：尽量全面，体现价值，有说服力,不公开
销售-常见场景录音实战,罗列开发步骤：涵盖整个开发过程,不公开
销售-常见场景录音实战,"拷贝不走样-1 听懂故事写要点：请写出本录音中，销售与客户沟通涉及到哪些场景要点？

练习目的：能听懂整个对话，并领悟双方的点，写下来后方便自己录音练习时按场景要点逐步展开
要点范围：1）客户关心到的问题点，2）我们试图引导客户的点
评分标准：按准确的要点数量做评分依据，要点尽量齐全，不遗漏，尤其注意：1）专业性：话术要点遗漏或优势体现的缺失，2）逻辑性：清晰流畅，3）声音：亲和、不卑不亢","话术要点
1.说明来意
2.合作年限，客户办公室变更历史，曾经拜访
3.合作人数、全国各地及不同部门的翻译合作
4.翻译的语种多
5.视频译制案例和优势
6.印刷案例和优势
7.ABB对我们的满意度及售后回访优势
8.笔译合作部门和翻译内容
9.合作的同事多，也愿意帮忙推荐"
销售-常见场景录音实战,"拷贝不走样-1 听懂故事写要点：请写出本录音中，销售与客户沟通涉及到哪些场景要点？

练习目的：能听懂整个对话，并领悟双方的点，写下来后方便自己录音练习时按场景要点逐步展开
要点范围：1）客户关心到的问题点，2）我们试图引导客户的点
评分标准：按准确的要点数量做评分依据，要点尽量齐全，不遗漏，尤其注意：1）专业性：话术要点遗漏或优势体现的缺失，2）逻辑性：清晰流畅，3）声音：亲和、不卑不亢","话术要点
1）确认致电的联系人信息
2）座机接电话联系人跟进
3）表明我们是优选供应商，并简单介绍合作年限和业务种类
4）我们与客户公司具体合作部门案例及ERP优势
5）我们与不同部门的合作
6）视频译制案例及优势
7）印刷案例及优势
8）唯一销售代表负责的优势
9）询问邮箱及发送案例
10）微信添加
11）年底笔记本、台历印刷案例"
销售-常见场景录音实战,"拷贝不走样-1 听懂故事写要点：请写出本录音中，销售与客户沟通涉及到哪些场景要点？

练习目的：能听懂整个对话，并领悟双方的点，写下来后方便自己录音练习时按场景要点逐步展开
要点范围：1）客户关心到的问题点，2）我们试图引导客户的点
评分标准：按准确的要点数量做评分依据，要点尽量齐全，不遗漏，尤其注意：1）专业性：话术要点遗漏或优势体现的缺失，2）逻辑性：清晰流畅，3）声音：亲和、不卑不亢","话术要点
1）简单介绍合作业务和合作时长
2）介绍曾合作过的部门，问对方部门
3）针对对方所处部门，介绍曾经合作历史，了解部门其他联系人现状
4）具体介绍合作过不同部门的不同业务
5）了解客户所属部门目前需求
6）询问客户邮箱，准备发送案例邮件
7）请客户添加微信，介绍客户可以看到哪些信息
8）再确认系统里曾合作过的其他联系人的情况
9）再介绍近期我们为客户公司提供的服务
10）我们公司优势介绍"
销售-常见场景录音实战,"拷贝不走样-1 听懂故事写要点：请写出本录音中，销售与客户沟通涉及到哪些场景要点？

练习目的：能听懂整个对话，并领悟双方的点，写下来后方便自己录音练习时按场景要点逐步展开
要点范围：1）客户关心到的问题点，2）我们试图引导客户的点
评分标准：按准确的要点数量做评分依据，要点尽量齐全，不遗漏，尤其注意：1）专业性：话术要点遗漏或优势体现的缺失，2）逻辑性：清晰流畅，3）声音：亲和、不卑不亢","话术要点
1.介绍我们与哪些部门联系
2.我们与客户公司的合作
3.了解客户之前是如何解决的
4.拉近关系，表明我们对客户公司的熟悉
5.请客户从小订单开始合作"
销售-常见场景录音实战,"拷贝不走样-1 听懂故事写要点：请写出本录音中，销售与客户沟通涉及到哪些场景要点？

练习目的：能听懂整个对话，并领悟双方的点，写下来后方便自己录音练习时按场景要点逐步展开
要点范围：1）客户关心到的问题点，2）我们试图引导客户的点
评分标准：按准确的要点数量做评分依据，要点尽量齐全，不遗漏，尤其注意：1）专业性：话术要点遗漏或优势体现的缺失，2）逻辑性：清晰流畅，3）声音：亲和、不卑不亢","话术要点
1.说明来意
2.了解为什么要3个月以后开始
3.介绍双外语优势
4.介绍北京国企双外语翻译案例
5.商机7问（过去，负责人，采购流程，项目情况）
6.提前准备，分批翻译
7.准备发送质量控制和案例邮件"
销售-常见场景录音实战,"拷贝不走样-1 听懂故事写要点：请写出本录音中，销售与客户沟通涉及到哪些场景要点？

练习目的：能听懂整个对话，并领悟双方的点，写下来后方便自己录音练习时按场景要点逐步展开
要点范围：1）客户关心到的问题点，2）我们试图引导客户的点
评分标准：按准确的要点数量做评分依据，要点尽量齐全，不遗漏，尤其注意：1）专业性：话术要点遗漏或优势体现的缺失，2）逻辑性：清晰流畅，3）声音：亲和、不卑不亢","1、确认客户离职
2、了解目前所属行业
3、介绍同行业合作公司
4、了解客户客户目前所属公司
5、介绍同公司目前合作的部门和联系人
6、联络感情之前合作
7、问客户邮箱
8、询问现在客户需求情况
9、再次介绍同公司其他部门合作施加影响
10、添加微信"
销售-常见场景录音实战,"拷贝不走样-1 听懂故事写要点：请写出本录音中，销售与客户沟通涉及到哪些场景要点？

练习目的：能听懂整个对话，并领悟双方的点，写下来后方便自己录音练习时按场景要点逐步展开
要点范围：1）客户关心到的问题点，2）我们试图引导客户的点
评分标准：按准确的要点数量做评分依据，要点尽量齐全，不遗漏，尤其注意：1）专业性：话术要点遗漏或优势体现的缺失，2）逻辑性：清晰流畅，3）声音：亲和、不卑不亢","要点总结
1、了解客户复工情况,介绍我们公司ERP优势
2、了解客户公司业务情况
3、了解客户长时间未合作原因
4、通过之前翻译内容,了解客户目前项目情况
5、了解客户下半年新项目情况
6、案例引导了解客户其他方面的翻译需求
7、了解多媒体译制需求市场部负责人
8、感谢客户推荐,邮件并请客户引荐
9、通过之前合作的印刷,了解客户现在是如何解决的
10、了解其他部门需求情况
11、通过之前合作记录,侧面了解负责的总务部联系人情况
12、案例引导,了解笔记本需求
13、了解决策流程是否需要经过采购
14、再次感谢客户帮忙推荐"
销售-常见场景录音实战,"拷贝不走样-1 听懂故事写要点：请写出本录音中，销售与客户沟通涉及到哪些场景要点？

练习目的：能听懂整个对话，并领悟双方的点，写下来后方便自己录音练习时按场景要点逐步展开
要点范围：1）客户关心到的问题点，2）我们试图引导客户的点
评分标准：按准确的要点数量做评分依据，要点尽量齐全，不遗漏，尤其注意：1）专业性：话术要点遗漏或优势体现的缺失，2）逻辑性：清晰流畅，3）声音：亲和、不卑不亢","要点总结

1.来意
2.询问客户相同是否有标记
3.了解项目交稿时间,预算
4.双外语翻译优势,成功案例
5.方案1英译中再中译俄,可以便宜一些且多中文版
6.方案2请客户整段相同的标记出来,并穿插案例
7.不是整段相同标记意义不大,译员还是全文翻译
8.双外语比单语种贵的原因
9.日企汽车说明书案例
10.双外语比单语种贵的原因
11.我们报排版费,客户对标记相同,双方是否可以达成一致"
销售-常见场景录音实战,"拷贝不走样-1 听懂故事写要点：请写出本录音中，销售与客户沟通涉及到哪些场景要点？

练习目的：能听懂整个对话，并领悟双方的点，写下来后方便自己录音练习时按场景要点逐步展开
要点范围：1）客户关心到的问题点，2）我们试图引导客户的点
评分标准：按准确的要点数量做评分依据，要点尽量齐全，不遗漏，尤其注意：1）专业性：话术要点遗漏或优势体现的缺失，2）逻辑性：清晰流畅，3）声音：亲和、不卑不亢","要点总结
1.来意
2.拉近客户关系
3.对价格定性实价不贵,做口碑长期合作
4.ERP系统介绍
5.ERP系统与人工相比如何解决相同比对问题
6.双外语优势,优秀译员已提前准备
7.盯客户确认,可以开始工作,有问题再沟通"
销售-常见场景录音实战,"拷贝不走样-1 听懂故事写要点：请写出本录音中，销售与客户沟通涉及到哪些场景要点？

练习目的：能听懂整个对话，并领悟双方的点，写下来后方便自己录音练习时按场景要点逐步展开
要点范围：1）客户关心到的问题点，2）我们试图引导客户的点
评分标准：按准确的要点数量做评分依据，要点尽量齐全，不遗漏，尤其注意：1）专业性：话术要点遗漏或优势体现的缺失，2）逻辑性：清晰流畅，3）声音：亲和、不卑不亢","要点总结

1.来意
2.以团队经理身份，更能引起客户的重视
3.夸客户
4.讲述我们合作时间长，重视合作
5.了解项目进展
6.介绍我们的优势
7.关于日企和德企的成功案例（雅马哈、庞巴迪、阿尔斯通）
8.其他供应商的情况
9.邀约面访
10.表达我们的诚意，希望能多有合作机会"
销售-常见场景录音实战,"拷贝不走样-1 听懂故事写要点：请写出本录音中，销售与客户沟通涉及到哪些场景要点？

练习目的：能听懂整个对话，并领悟双方的点，写下来后方便自己录音练习时按场景要点逐步展开
要点范围：1）客户关心到的问题点，2）我们试图引导客户的点
评分标准：按准确的要点数量做评分依据，要点尽量齐全，不遗漏，尤其注意：1）专业性：话术要点遗漏或优势体现的缺失，2）逻辑性：清晰流畅，3）声音：亲和、不卑不亢","要点总结

1.来意
2.夸我们公司发展很不错
3.夸客户跳槽发展越来越好
4.介绍公司ERP
5.疫情期10几家公司签了长期协议
6.MarCom的案例（法巴），广州、深圳、香港合作都没问题
7.用案例推翻译，视频，印刷，展会搭建
8.了解需求频率
9.问MarCom联系人
10.问对方的推广手段（介绍我们的会议，展会）
11.介绍video 视频推广优势
12.加微信"
销售-常见场景录音实战,"拷贝不走样-1 听懂故事写要点：请写出本录音中，销售与客户沟通涉及到哪些场景要点？

练习目的：能听懂整个对话，并领悟双方的点，写下来后方便自己录音练习时按场景要点逐步展开
要点范围：1）客户关心到的问题点，2）我们试图引导客户的点
评分标准：按准确的要点数量做评分依据，要点尽量齐全，不遗漏，尤其注意：1）专业性：话术要点遗漏或优势体现的缺失，2）逻辑性：清晰流畅，3）声音：亲和、不卑不亢","要点总结
1.来意
2.新工作
3.合作过吗
4.我们的化工客户案例
5.MarCom的2个案例（巴斯夫，宝洁）
6.用案例推翻译，视频，印刷
7.时间
8.问对方的推广手段（介绍我们的会议，展会）
9.我们都做
10.提出发邮件整体业务介绍
11.介绍翻译+软件
12.要邮箱
13.加微信
14.要求转介绍
15.希望有机会再联系"
销售-常见场景录音实战,"拷贝不走样-1 听懂故事写要点：请写出本录音中，销售与客户沟通涉及到哪些场景要点？

练习目的：能听懂整个对话，并领悟双方的点，写下来后方便自己录音练习时按场景要点逐步展开
要点范围：
1）客户关心到的问题点
2）我们试图引导客户的点

评分标准：按准确的要点数量做评分依据，要点尽量齐全，不遗漏，尤其注意：
1）专业性：话术要点遗漏或优势体现的缺失
2）逻辑性：清晰流畅
3）声音：亲和、不卑不亢","1)了解哪份稿件哪方面不满意
2)词汇提升
3)语句提升
4)固定译员
5)我们与其他公司的对比
6)了解目前供应商的情况
7)尝试小订单新订单的合作
8)添加微信发送邮件"
销售-常见场景录音实战,"拷贝不走样-1 听懂故事写要点：请写出本录音中，销售与客户沟通涉及到哪些场景要点？

练习目的：能听懂整个对话，并领悟双方的点，写下来后方便自己录音练习时按场景要点逐步展开
要点范围：
1）客户关心到的问题点
2）我们试图引导客户的点

评分标准：按准确的要点数量做评分依据，要点尽量齐全，不遗漏，尤其注意：
1）专业性：话术要点遗漏或优势体现的缺失
2）逻辑性：清晰流畅
3）声音：亲和、不卑不亢","1)合作历史，肯定我们在供应商系统，供应商号
2)了解现在负责的采购
3)了解现在联系人需求情况
4)案例引导其他业务推广
5)发邮件要微信，推荐"
销售-常见场景录音实战,"拷贝不走样-1 听懂故事写要点：请写出本录音中，销售与客户沟通涉及到哪些场景要点？

练习目的：能听懂整个对话，并领悟双方的点，写下来后方便自己录音练习时按场景要点逐步展开
要点范围：
1）客户关心到的问题点
2）我们试图引导客户的点

评分标准：按准确的要点数量做评分依据，要点尽量齐全，不遗漏，尤其注意：
1）专业性：话术要点遗漏或优势体现的缺失
2）逻辑性：清晰流畅
3）声音：亲和、不卑不亢","1)捧客户资深，合作多年拉感情
2)询问哪位同事负责
3)确认系统中联系人情况
4)询问各部门需求
5)成功案例引出多个业务推荐
6)发邮件，添加微信，要推荐"
销售-常见场景录音实战,"拷贝不走样-1 听懂故事写要点：请写出本录音中，销售与客户沟通涉及到哪些场景要点？

练习目的：能听懂整个对话，并领悟双方的点，写下来后方便自己录音练习时按场景要点逐步展开
要点范围：
1）客户关心到的问题点
2）我们试图引导客户的点

评分标准：按准确的要点数量做评分依据，要点尽量齐全，不遗漏，尤其注意：
1）专业性：话术要点遗漏或优势体现的缺失
2）逻辑性：清晰流畅
3）声音：亲和、不卑不亢","1)寒暄
2)了解需求减少原因
3)成功案例引导业务需求
4)说服客户添加微信的好处
5)了解其他部门需求"
销售-常见场景录音实战,"拷贝不走样-1 听懂故事写要点：请写出本录音中，销售与客户沟通涉及到哪些场景要点？

练习目的：能听懂整个对话，并领悟双方的点，写下来后方便自己录音练习时按场景要点逐步展开
要点范围：
1）客户关心到的问题点
2）我们试图引导客户的点

评分标准：按准确的要点数量做评分依据，要点尽量齐全，不遗漏，尤其注意：
1）专业性：话术要点遗漏或优势体现的缺失
2）逻辑性：清晰流畅
3）声音：亲和、不卑不亢","1）目前如何解决
2）哪方面稿件
3）新闻稿难点
4）格式处理
5）其他部门需求
6）其他业务推广
7）案例优势"
销售-常见场景录音实战,常见场景5：你们之前翻译质量不好，每次都要修改，现在我们已换其他供应商了,"一、要点
1)了解哪份稿件哪方面不满意
2)词汇提升
3)语句提升
4)固定译员
5)我们与其他公司的对比
6)了解目前供应商的情况
7)尝试小订单新订单的合作
8)添加微信发送邮件

二、话术
您好，陈工，我是事必达翻译的David，之前我们同事艾米和您对接的。因为他这边离职了，现在是我负责，我看了下系统，我们有段时间没有合作了，想问下大概是什么原因呀？

哦，是我们之前的质量不是很好，可能每次都要修改对吧？那我想问一下，我看我们系统显示最后一次合作时间是20年的12月份，翻译的是关于2150的技术手册报告对吗？

想问下这篇内容翻译问题是关于语句不通顺呢？还是专业词汇的问题呢？可能两方面都有是吧？陈工我今天给你来电话，肯定是想希望继续合作的，想了解下客户真实的反馈，另外也想和您解释下刚才您提到的这两点问题。

不知道我们之前同事可能因为经验或者是其他方面的原因没有跟您说清楚，因为我们是有自己的一个ERP系统的，是针对翻译这块的。首先我们会固定一些词汇，比如说每次交稿的时候，我们会要求翻译罗列出一些专业词汇，如果有必要的话，我可以把这些词汇给到您，麻烦您进行最终的是确认。
至于语句方面，你也请放心，现在我们也开始了一个自动校稿率QC检查的功能，如果说计算机识别到下一轮对上一轮的反馈，如果说修改率偏低，我们会要求退回的，需要让前一道翻译看一下是否有这个问题，因为毕竟自己检查自己的问题会相对不容易，但如果是换一个人QC检查上一轮的问题可能相对更容易看出来这些语句，哪些需要润色的，我们做了一个自动修改率退回的工作，再加上如果专业词汇有固定的的话，比如说你们公司probe这次一直翻译成探针而不是探头，那我们会在旁边设定必须一致，无论说拿到这个稿件的是哪位翻译，那他都会提示此客户有这个词是必须照这个说法的，那我们都会固定翻译，首先我们会尽量保证客户，如果说之前这个客户一直是他做的这个翻译，那会继续提供服务，但有时候量也比较多，也不可能永远都是这个翻译，再加上人员调动的情况等等，那我们会固定翻译下来这些专业的词汇，只要把它把握好的话，那无论是任何翻译翻的时候都会提示，这样会保证专业词汇的准确，加上语句，我们有自检的流程，语句做好润色，那我想一个手册专业词汇保证了，语句也通顺流畅，那肯定是没有什么问题的。而且我们每次出稿都会要求我们销售对客户上一轮稿件进行质量回访。如果你觉得这个翻译不错的话，那我们会有个满意度评价的按钮，在此翻译未饱和的情况下，下次我们会第一选择安排这个翻译去做；如果说此翻译您觉得不满意，那下次我们首先也是第一选择不安排这个翻译的。

所以现在这方面的我们都做的比较完善了，而且我们在与其他翻译公司相比，他们可能是买的一些翻译系统软件的Trados，而我们是自主研发的，每天几乎有3-4次的更新，我们it会不停的在这方面做一些更新，修补一些bug，能使我们的翻译更加完善。其实有些翻译想固定或者是统一的话，计算机的运算肯定是要比人脑更能记得住，您也是做技术这方面的，相信你也可以明白。

你们现在与这家供应商合作情况是大概是怎样的呢？你们是一点都不用修改，非常满意吗？我想多多少少应该也会有一点吧，需要一个磨合，进入我们做翻译这行都知道，因为翻译可能确实需要一个磨合的过程，当然翻译公司首先要做好自己做的事情，再加上和客户这边经常打交道，磨合、定期沟通，也能知道翻译的问题在哪里，也便于我们改善，其实我们每次交出去的稿件，也是希望得到客户的反馈。可能有时候市场部的稿件找我们时，不是您直接对接我们的，如果下次有这样的反馈的话，您可以发给我，我稍后加下微信，也给您发一个电子邮件，我们保持一下联系。

您这边近期是否有这类稿件或者从小的开始，是否能给我们个机会？

那我相信我们以前一直帮你们合作，也是做的比较好的，只是换人了之后可能有所欠缺。能否再给我们一次尝试的机会好吗？或者你看我什么时候联系您比较方便？下次你们翻译大概何时会有呢？下个月初可能会有，是吧？那好的，邮件我也刚才给您发过去了，您可以记下，下月初的时候，我在问下您，希望我们这么多年来和贵公司建立的合作不要浪费掉了。我们也希望能继续有机会给您提供服务。

好的，那我们再保持联系，我微信也发出邀请了，你帮忙也通过一下吧，上面会有我们的成功案例，你可以看看我们现在这个技术到底是怎样做到的。

好，谢谢您,那今天就不多打扰了，再见。"
销售-常见场景录音实战,常见场景4：我们只能使用系统里的供应商，你们在我们系统里吗,"一、要点
1)合作历史，肯定我们在供应商系统，供应商号
2)了解现在负责的采购
3)了解现在联系人需求情况
4)案例引导其他业务推广
5)发邮件要微信，推荐

二、话术
你好，张经理，我是事必达翻译公司的David.

我刚听我们同事说好像目前你们只能使用你们系统里面的供应商是吧? 嗯是这样的，我们是大概一、两年前和你们这边有合作的，只是我们这边其他的销售离职了就断掉了，我们公司是上海嘉赛信息科技发展有限公司，我们之前是有出过订单号的，我把供应商号提供给你，能帮我看一下是否还可以使用吗？我们肯定是在你们供应商系统里面的，只是我不知道现在是这样的流程。好的，您这边帮忙查一下。

另外我看到我们之前对接的采购JANE Wang ，他现在还负责我们这一块吗？好的，那还负责了的话，基本上问题都不大。那好的，这一块您放心，肯定没有什么问题的，而且我估计有段时间如果没有合作了，重新激活一下就可以了。

其实我今天给您来电主要是想沟通一下，你们现在大概需求的情况是怎么样的？比如一个月会有几次涉及到翻译呢？因为以往的话，你们每个星期都会有新闻稿，包括每个季度会有个季度报告进行翻译的。哦，现在还是这样的是吧？那真是太可惜了，可能我们这边断了之后，联系的比较少，实在是不好意思，所以说今天也有机会赶紧跟您联络一下，希望重新建立合作，包括因为之前您在我们这边已经合作蛮久了吗？我们帮你们在系统里面都累积了不少词库和句库。

因为合作这么多年的断了也是蛮可惜的，那你们现在除了翻译这一块，是否还会涉及印刷呢？之前也和你们有介绍过，我们除了是一家专业的翻译公司外，因为我们和合作外企已经20几年了嘛，他们会提出这样的需求，翻译完之后进行排版印刷一体化服务，这一块也是我们的主营业务之一，也是比较擅长的。

我不知道你们这块有吗？这里也有的是吧？那你们下次印刷大概会是什么时候呢？是用于哪个展会呢？哦，对CHINAPLAS是停掉了，那没关系，我可以给您发一个介绍，上面有我们公司翻译，印刷一体化的详细介绍，你也可以做个备份，如果下次有印刷的需求的话，也可以找我们做一个询价，你看是否可以？张经理，邮件我稍后给你发出，我是否可以同步加您这个手机号的微信，我是个对公的企业微信是，完全不会打扰到您，我们会定期发布一些我们和你们同行或者是其他公司合作的成功案例。你也可以看看同行或其他公司市场宣传活动在做什么，包括我们多媒体一直是很擅长的，像我的一家3M公司他们各个事业部经常会发布一些短视频在那个公众号上，因为现在大家做这块营销做的比较多。这也是目前的一个主要趋势，你可以看看我们的视频做的怎么样？我们可以从听写、翻译，配字幕包括有些特定的培训场景，还会做些配音，客户反馈都很不错，您可以看一看。

我觉得您可以打消这个疑虑，如果即使我们不在系统里，也没有关系，我可以跟采购联系下，我们再重新激活一下，或重新走下流程，主要是看您这边的需求，我们也希望跟您这多建立合作，包括如果说你们其他同事有这方面需求的话，也可以帮我们做个推荐吧。

好的，邮件和企业微信的申请通知都给您发过去，您麻烦通过一下，谢谢。"
销售-常见场景录音实战,常见场景3：哦，这方面现在不是我负责的，你发邮件给我吧，我转给同事,"一、要点
1)捧客户资深，合作多年拉感情
2)询问哪位同事负责
3)确认系统中联系人情况
4)询问各部门需求
5)成功案例引出多个业务推荐
6)发邮件，添加微信，要推荐

二、话术
你好，Lisa，很久没有联系了，我是事必达的David Xiao。是的，很久没有联系了，想问下不知道你们公司最近有涉及翻译、印刷这方面的需求吗？哦，现在这个不是您负责的是吧？您谦虚了，您在这个公司已经比较资深的了，也已经很多年了，我们打交道也有不少年了。

现在这块业务不是您负责，不知道现在是哪个同事负责呢?能帮我们做一个推荐吗？毕竟我们之前合作的还是很不错的。不是很方便呀？那没关系，因为我们和您这里合作也蛮久了，而且我们除了和您合作，也和众多上海市场上的日资企业都有合作，比如欧姆龙、富士电机、亚马哈、还有三菱重工等都有合作，因为我知道日企基本上是企划或者总务负责的这块是比较多的，基本上归口在这两个部门。我不知道你们这边现在是企划同志负责吗？我看我们系统里有几个联系人。比如说陈桑、刘桑啊，哦，是他负责是吧？那好的，谢谢您。
我就知道跟您沟通的话肯定是没错的，因为您在这行包括在这家公司都已经做了蛮久了。

好的，那稍后我跟他联系，我们现在也推出了对公的企业微信，我能方便加一个吗？因为我们上面会定期推送一些同行或者是我们最近做的比较热门的案例，你也可以做个了解，备份一下，万一今后你有项目有涉及这一块，也可以联系我们吧。那不知道据您所知，麻烦再透露一下你们现在企划部门他们的需求是什么？是翻译多点还是印刷多点呢？

哦，您看到他们平时印刷品还是蛮多的，这也是一个现象，因为相对其他欧美企业来讲，日企在宣传方面，印刷这块还是做的比较多的，可能其他欧美企业现在电子版做的比较多的。原来你们也做电子版的是吧？也是季刊、月刊的排版设计到印刷吗？那我联系您是比较迟了，其实这块一直是我们非常擅长的呀，像比如说三菱，我们经常会帮他做些季刊、月刊从先翻译、排版、到印刷成册，他们自己也会使用，也会给他们的经销商或者是客户之类的,都会发放这些宣传资料。

那我稍后和企划部的同事好好的聊一下，也谢谢您今天的推荐。另外想问下，你邮箱还是之前的这个吗？我给您发一个邮件做个备份，如果今后有同事，尤其是些新同事，我看系统里新同事好像比较多，如果有问起来，麻烦您也可以帮我们做个推荐吧。因为你比较资深，我想他们很可能会经常问到您这里。好的，那我给您发个邮件过去，如果有同事问到的话，可以帮忙转发下，包括微信推起来也是比较方便的，你看可以吧？好的，真的是太感谢您了，如果有机会我们能再与您这边合作，提供服务,也不能说您不负责了，就不跟你联系了吧，还是偶尔联系下我们可以联络一下感情，万一后续我们还需要对接呢？好的，非常感谢与您今天的沟通，那先这样，拜拜。"
销售-常见场景录音实战,常见场景2：近期没有需求，有需要会联系你们的，不用频繁电话,"一、要点
1)寒暄
2)了解需求减少原因
3)成功案例引导业务需求
4)说服客户添加微信的好处
5)了解其他部门需求

二、话术
Amy，你好呀，我是事必达的David，很久没有联系了，你们现在还在居家办公吗？

我们也是现在，因为疫情，目前大环境已经是这样了，你们也要多注意安全。

因为我看我们挺久没有联系了，好像近期找我们这个翻译比较少吗？所以想问问不知道是什么原因或者是我们需要在其他地方有所提高的吗？是近期没有这样的需求呀，嗯理解，因为疫情的原因，大家多多少少都有受到影响，。

我想问下，以前也没有深聊过，不知道你们大概是什么情况或者是什么样的应用背景才会找翻译公司做翻译呢？

哦，是有展会的时候需要准备国外的宣传资料做汉化对吧？哦，确实，怪不得近期找我们比较少了，现在展会停的也蛮多的。不知道你们是否有提前准备转线上呢？因为今年感觉包括最近这几个月展会的推进，肯定也不会很乐观，现在有很多公司，像欧莱雅、3M、巴斯夫、科思创这些传统的化工、机械公司都在做这方面的转型。因为他们会把以前印刷成册的宣传册先做成电子化在微信、公众号上进行发布，包括他们现在会做些大量的宣传视频，无论是已经完全中国本地话的国外视频或者是国内拍摄的宣传视频挂到官网上，这些服务我们都是可以提供的，而且这些公司基本上大部分都是找我们做的，我们和他们合作基本上都已经是十几年了。

不知道这方面你们可能会有吗？好的，你可能是想了解一下视频，那没关系，我可以发一个视频的案例给您看一下，我是否可以加一个您的微信？这样也不用一直给您打你电话之类的，因为我们是对公的企业微信，因为我们定期会发布些成功案例，是关于我们帮客户做的，也可能上面有你的同行，你也可以了解一下我们可以做到什么程度？或者是您的同行可以在做什么？那下次如果你也有这样类似需求的话，那你也可以联系我们，因为这方面我们都是比较擅长的。好的，你是这个手机号码，我给您发过去了，在那个服务通知，您通过一下，是一个对公的企业微信，也不会打扰到您的，这点请放心。

想问下你们其他的部门，比如说法务、市场或者是技术部会有这样的需求吗？之前我们和你们技术部的陈工、张工都有合作，不知道他们现在还负责这块或在职吗？好的，这块情况您不是很了解对吧？那没关系，如果后续您的同事有翻译和印刷一体化服务的需求时，还请帮我们做个介绍。

那麻烦您稍后微信通过下，我把我的联系方式，以及我们最新的成功案例再推送给您，您可以做个了解，若有同事问到您这边，您也可以为他选择提供一家好的供应商。

我们在这个行业做了将近快30年了，信誉和口碑都是不错的，并且性价比也是上海这里最高的，您可以做个备份，若有需求可以与我们联系，今天也不打扰您了，谢谢，再见。"
销售-常见场景录音实战,常见场景1：我们现在翻译的预算减少，基本都自己翻译了,"1)询问翻译预算减少原因
2)自已翻译的稿件类型，针对新闻稿自已翻译和翻译公司翻译优劣势对比
3)询问其他部门是否有需求
4)除了翻译之外，案例引是否有其他业务的需求
5)发送邮件，添加微信，要推荐

你好，微信上听说你们现在预算卡的也比较紧，基本上都是自己翻译的吗？

你们现在大概翻译的是什么类型的稿件呢？

新闻稿呀，新闻稿是蛮难翻译的，因为在我们平时这个翻译过程中字数是不多，但是这次都是对外发表的，一些语言原措词是比较谨慎的，可能需要来回的推敲，我们其他的客户，比如达美、斯道拉恩索、3M、欧莱雅等我们经常会帮他们的公关或者是市场部同事翻译新闻稿的。他们也觉得新闻稿翻译起来不容易，所以会找我们专业翻译公司会进行翻译，我们也会安排不同的译员进行QC审核。那后续他们再润色下，这样他们花费的时间就是比较少了。实际上，你也知道新闻稿的字数都不是很多的，也花费不了多少费用，如果下次再有这样类似的翻译，您可以尝试找我们翻译。

包括你们如果有遇到特殊格式，需要在排版上花费较多的时间，因为排版不一定擅长，我们有专业的排版人员，再加上我们的翻译，那交给你文件基本上是能够符合外企、市场部和公关的要求的，也能让您这边省时省心省力吧，下次不妨可以尝试一下。

另外想问下您这边是否知道或者是哪些部门可能需求量比较大一些吗？我这边可以和他们先联系一下，如果暂时您这边比较少的话，能帮忙介绍一下吗？

好的，谢谢，我记下来，那稍后我与他联系一下，给他发个我们的公司介绍。

另外我们除了笔译以外，我们还有涉及到其他的业务，比如说多媒体译制，像国外发来的Video我们从听写，翻译，配音，配字幕等，可以完全的本地化。包括虽然现在是无纸化办公，但是还会有公司的宣传册或者记录手册的排版、印刷等，这些都是我们的主营业务，也是我们比较擅长的，比如我们为像巴斯夫、科思创、斯派莎克等这些知名的外企都一直有合作翻译、印刷一体化服务。我们目前也是华东地区，规模第一、市场份额最大的一体化服务公司了

如果下次有机会，有这方面业务，您也可以与我联系，谢谢。

好的，那今天就不打扰你了，再见。"
销售-常见场景录音实战,2. 写话术要点：为打电话做准备,不公开
销售-常见场景录音实战,"以下是客户发过来的邮件内容，请根据客户的要求，并结合我们需要向客户介绍的内容，撰写一封回复邮件

客户基本信息如下：
1、老客户公司，2011年开始合作，老联系人推荐新部门联系人
2、客户公司医疗器械行业
3、我们与该公司有长期协议，已有协议价格，并商定月结

客户邮件内容如下：
我们是爱德华临床试验（CA）团队，从行政处获取了贵方公司信息，希望后期在翻译工作上能与贵公司进行合作。
来信是期望了解下列问题及操作流程：

1.如何向贵公司提出翻译需求？
2.翻译单价及什么情况下会有费用上的折扣？
3.如何进行后期翻译费用结算？
4.翻译质量如有问题，怎样处理和沟通？","Hi Blanche,
 
很高兴收到您的邮件，希望有机会为您提供服务。如果方便的话，烦请添加我的微信18621895985，方便我们联系沟通，谢谢啦！

我们公司成立25年了，目前已是上海规模最大，市场份额第一的翻译印刷一体化服务公司，专业为外企提供笔译、交传/同传、设计印刷一体化和多媒体译制服务。
 
我们从2011年开始与贵司合作至今已10余年了，各个部门都有合作。服务内容包括专业资料笔译、年会同传、视频译制等各类服务。我们有为贵司建立专属翻译的团队，根据贵司翻译的内容安排专业对口的译员，同时我们自主研发的ERP系统建有术语库，质量这块您可以放心。
 
除了为爱德华提供长期服务外，飞利浦医疗、强生、BD、丹纳赫、贝朗、雅培、塞比亚、药明康德、拜耳、3M等等，也是由我们提供服务10多年了。
 
针对您的问题，具体回复如下：
 
1、如何向贵公司提出翻译需求
您可以通过邮件将需要翻译的文件发送给我们，我们将根据您具体的资料提供报价及交期。您邮件回复确认，我们就可以安排开始翻译工作
 
2、翻译单价及什么情况下会有费用上的折扣？
我们公司与贵司签有长期协议，已是折扣价。如果项目特别大的情况下，我可以再向公司申请特殊折扣。
我们前段时间刚完成申淇公司的临床试验报告差不多3000+页，而且原稿基本都是不可编辑的扫描文件，我们也已完成交稿，客户反馈也蛮好。如果您此次需要翻译的临床试验报告内容也较多的话，我再尽力申请
 
3、如何进行后期翻译费用结算
项目结束后，我们会提供正式发票，您安排付款就可以了
若项目不是一次性翻译，需要一定周期的话，我们可以月度结算。月底时我们提供费用清单，您确认后，我们开票您再安排付款就可以了
 
4、翻译质量如有问题，怎样处理和沟通？
一般不会出现质量问题，如果有任何问题，您可以随时联系我，我们会立即安排免费的修改服务
 
若有任何问题，您随时与我联系
 
非常感谢！"
销售-多媒体-报价,视频译制，报价时我们需要了解哪些信息？,"1、 收到视频，统计时间，并仔细看一下视频，配字幕或配音是否有难点
2、电话和客户确认需要做哪些？听写、翻译、添加字幕、配音的具体要求
3、针对客户视频配字幕/配音可能会遇到的难点，给客户专业的建议，给客户信心
4、一般视频按工序分开报价，若客户不计较也可以一并报价"
销售-多媒体译制-商机跟进,当客户需要翻译视频的脚本时，我们可以做哪些开发工作？,"1、了解客户脚本来源
2、介绍我们视频译制，听写+翻译+配字幕/配音的优势和案例
3、推荐我们一体化的服务"
销售-多媒体译制-商机跟进,当客户提前通知，周末有加急稿件需要翻译，我们做哪些准备工作？,"1、遇到周末加急的文件，事先与客户和译助沟通好，最好能够问清楚语种，字数和相关内容，紧急程度（何时收到，何时交稿，是否分批出稿），有无特殊性
2、与译助沟通，提前做好译员的准备"
销售-多媒体译制-商机跟进,视频配字幕报价时，我们可以做些什么？,"一般仅仅配底下的字幕最简单和便宜，若有画面中字幕，效果中有文字，会造成价格提升
1、当画面和画外音同时存在时，可以向客户建议画面也译制
2、有时候画面上的文字是画外音未提到的或是提炼的要点，这样可以报价高点"
销售-多媒体译制-商机跟进,视频译制时，需要注意什么？,"1、销售需要先看一下视频，了解视频大概情况，给客户建议，也便于我们操作
2、画面很满的时候，要给建议，我们将字幕配在哪里合适
3、若视频原本的画外音和口型就对不上，要及时和客户提出，是否原视频有问题
4、客户自己的改定脚本需要检查后，再安排配字幕/配音
5、动画效果需要配字幕，需明确效果到什么程度（否则可能无法实现，或代价很大，或客户可以提供原始的工程文件方便我们改字幕）
6、确定字幕的字体和文字大小，若屏幕中间的文字，需明确一般放的位置
7、明确双语字幕还是替换字幕，字幕和字幕背景的效果最好先做个几秒钟的小样请客户先确定方案"
销售-合同跟进,当公司制版部同事工作超负荷，客户的制作文件来不及交，我们该怎么办？,"我们可以分批交，同时请客户提供修改意见，
这样我们制版部同事可以在后面的文件中改掉，这样可以同步进行"
销售-合同下单,什么情况下，我们可以安排试译？安排试译时需注意哪些细节？,"1，了解清楚为什么要试译
2、此次资料的应用背景
3、客户过去消费经验
4、试译500字以内是免费的，若客户提供的试译资料超过500字，请客户节选
5、若客户让我们挑选，技术类资料我们挑选时不能只挑选非技术类内容，避免客户要重新试译。试译前将内容与客户确认（但尽量避免自己都无法理解的最难的部分，以免影响试译的质量，搞不清时，可以找生产部负责质检的老翻译讨论）
6、安排试译时，合同要求要填写清楚，给翻译提供官网或参考资料
7、下单时，提供整个资料，不要只提供需要翻译的那部分，有助于翻译看前后文，了解背景知识"
销售-合同下单,当遇到重要项目、大项目、加急项目时，仅ERP下单不行，销售需要与译助配合，哪些是需要关注的？,"1、重要项目、大项目开始前，有必要的话可以组织译助、译助主管和翻译开会，落实翻译要求，项目重要性，确定技术路线，各个节点的时间和负责人，明确关键节点
2、时间紧急的项目，随时定期与译助沟通，了解首轮、校稿安排及进度情况
3、当项目提交延时，客户已催稿，请译助与翻译联系，务必明确目前已做多少，还剩余多少，明确告知译员要什么时候提交，再给客户回复"
销售-合同下单,当客户有多个文件需要翻译，交稿时间紧急，但客户有1个文件还没有定稿，这时我们该如何处理？,"1、先报价，请客户确认录入合同
2、已录入合同的先做预排工作和句对匹配
3、催客户尽快提供剩余的文件，收到后，上传原合同明细，做漏匹配。这样可以保证词汇语句的前后统一"
销售-合同下单,当客户无法收到我们的报价邮件，而我们合同确认必须要客户公司邮箱回复才有效，我们怎么办？,"1、请客户检查垃圾邮箱、设置白名单，看是否可以找到我们的邮件
2、可以将报价通过微信发给客户，然后请客户收到后，用公司邮箱回复，并明确确认金额
3、发送客户个人邮箱，请客户回复时，用公司邮箱，或私人邮箱回复同时抄送他的公司邮箱"
销售-话术应用分析（韩瑾）,学习早会关于话术“1.2合作历史和1.5成功案例”运用分析视频，罗列注意要点,"1.1.5案例介绍和1.6询问需求是组合，电话开发时要先给再问客户拿，1.5案例介绍是关键。穿插案例介绍，再询问客户需求
2.1.5案例介绍中不同的小点出现的比例要提升，不能只说前面2点，而后面一直没有
3.1.2合作历史要讲清楚，不能扭捏。多维度的讲，能够穿插在电话中。多纬度是指从哪年开始合作，合作多少年，合作多少部门，哪些部门，合作多少人，哪些人，多少人
4.1.2合作历史和1.5成功案例在话术中要增加比例
5.案例介绍话术点击次数应多于询问需求数量
6.案例介绍完后，要有停顿听客户反应，再询问需求
7.客户做哪个行业、哪个部门要了解，针对行业和部门的需求做相应的推荐"
销售-客户开发,客户说目前居家业务没有展开，需求要解封后再沟通，我们如何跟进？,"1、与客户沟通一下目前居家情况、团购、小孩等，先拉进相互的关系
2、了解客户公司业务是否受疫情影响
3、疫情下，客户公司如何开展业务活动
4、了解客户公司下半年有什么计划，今年有什么项目一定要完成的
5、给客户介绍同行业公司在疫情情况下的业务情况，找我们做的项目，启发需求"
销售-客户开发,如何增加微信的添加成功率？,"1、第1次请客户添加微信时，给客户添加的理由，比如添加后：方便沟通、最新行业信息、与客户相关的成功案例等
2、电话请客户添加微信的时，明确告诉客户企业微信是在服务通过里，请客户关注一下
3、客户答应添加，系统中设置下次跟进时间，一般1-2小时左右，客户没有添加，及时再跟进电话请客户添加
4、我们也可以通过发送短信，请客户添加手机号，如果客户添加的私人微信，可以在确认时，直接点击企业微信确认"
销售-客户开发,怎么在开发电话中，如何找到有需求的客户？,"1、电话沟通时，不单一业务推广，抓住电话的机会，通过启发需求、成功案例介绍给客户做多个业务
2、业务介绍的时，突出介绍公司是翻译行业最大，市场占有率最大
3、向客户介绍我们近期同行业的做的案例，跟进客户需求情况
4、从新闻、客户公司不同部门了解的情况，增加谈资，从沟通中找到客户兴趣点，进一步挖掘需求"
销售-客户开发,给客户发送邮件后，我们可以做些什么？,"1、发给客户邮件后，一般间隔1-2小时左右，及时与客户确认是否有收到
2、跟进电话时，注意客户的反馈，给予及时的回复
3、同时，仍抓紧机会向客户介绍我们的优势（第一，最大、质量控制、成功案例等），要用不同语言，重复的话不说
4、根据客户的疑问，给出针对性的回答"
销售-客户开发,客户开发时，如何多渠道找到商机？,"1、联系客户公司的采购部、市场部联系人
2、已合作公司，网上找其他人电话，做横向发展
3、跟进过去失败商机的联系人
4、客户开发时，不单一业务推进，介绍多个业务
5、通过售后回访、催账不同的跟进机会，多与客户接触，了解客户近期/远期的计划和项目情况"
销售-客户开发,客户开发沟通技巧,"1、客户问答：先了解客户需求，再介绍自己
2、质量与价格挂钩：资料难和专业，先让客户选择质量要求，再详细介绍服务。
3、先得到客户之前的价格，再报价
4、判断是否是我们的客户，价格太低做不了的，不要耗费太多时间和精力"
销售-客户开发,客户表示最近没有需求怎么沟通？,"1、关心客户：询问最近工作、生活情况，拉近关系
2、增加谈资：将我们了解客户公司其他联系人情况、同行业其他客户公司的情况，与客户沟通
3、增加印象，提升形象：告诉客户我们最近给哪些客户做哪些新的项目，视频、印刷、等等， 让客户有需求第一时间想到我们
4、询问需求：询问客户最近会有什么项目，或者最近在忙什么，通过项目和客户沟通，看我们是否有合作机会，或今后的合作机会"
销售-客户开发,客户跳槽后怎么知道她现在的公司,"1，直接问客户现在的公司名称，若客户不提供，以给客户发资料为由找客户要现在的邮箱
2，通过客户的邮箱后缀+www.邮箱后缀，网上搜索"
销售-客户开发,售后回访跟进时，我们可以做什么工作？,"1、不单纯的做售后回访工作，如果客户质量不满意，应了解客户不满意的点，及时解决
2、若客户对质量满意，进一步了解客户近期/远期需求，项目情况，推荐不同业务，
3、了解客户其他部门情况，争取转介绍"
销售-客户开发,即将离职的客户，我们该如何跟进？,"1、恭维客户高升，了解客户去向
2、了解客户的接替人邮箱和联系方式，请客户帮忙引荐
3、联系上和接替人联系并发送邮件，争取尽快接上头
4、了解部门的组织架构，领导是谁
5、确认系统有客户的手机
6、添加好客户的个人微信，避免失联"
销售-客户开发,用户部门推荐采购，采购又说让用户部门发邮件，我们该如何跟进？,"采购：
1、电话沟通+邮件发送：我们规模、市场份额，质量控制，同行业成功案例与他们公司不同部门的合作
2、了解公司需求情况，需求部门，供应商情况、决策流程（是否必须通过采购）

用户部门：
1、电话沟通+邮件发送：我们规模、市场份额，质量控制，同行业成功案例与他们公司不同部门的合作
2、了解部门需求情况，决策流程（是否必须通过采购），之前是如何解决的，最近什么时候会有需求
3、请客户转发我们的介绍邮件给采购，邮件中写明我们与他们公司的合作案例，与同行业的合作案例
4、各个部门都要联系，加强与用户部门的客情况关系，当客户实际有需求时，再次请客户把我们推荐给采购"
销售-客户开发,"开发时遇到客户提出新的需求，自己不是很熟悉，我们该如何跟进？
","1、了解客户具体的需求情况，时间要求，预算情况，之前如何解决
2、找老销售沟通或网上查询，看是否有解决方案或替代方案
2、有时候客户的需求确实无法满足的，不要一口拒绝，提出替代方案，也是一种方法"
销售-客户开发,当遇到客户公司内部组织架构变化时，我们该怎么做？,"遇到此类情况需多方确认，了解是否对我们的业务有影响
1、重新了解客户公司的决策流程
2、重新了解客户公司组织架构，决策人、联系人和使用人"
销售-客户开发,我们在开发时，如何通过交叉跟进，进行验证，客户公司的内部情况,"将A的回答，询问B；将B的回答，询问A；
通过客户公司内部的交叉跟进，了解实际情况"
销售-客户开发,有段时间没有合作的客户，如何继续开发？,"1、了解有段时间没有合作真正原因
2、了解客户近期业务情况，从客户业务情况，有针对性的介绍我们业务
3、给客户从案例、用途介绍我们不同的业务，启发客户需求
4、了解客户其他部门情况，横向开发"
销售-客户开发,我们开发客户公司的采购时，需要了解采购部的结构，一般采购岗位是怎么分工？,"1）一般采购部分为：间接采购和直接采购
2）一般间接采购会负责翻译、印刷、多媒体业务
3）特殊公司还会分选择供应商的采购和后期处理订单的采购"
销售-客户开发,重点客户开发时遇到客户较强烈的反对意见时，我们如何继续推进？,"针对客户的反对意见，给出解决方案

若仍不能解决时，我们可以
1、交叉跟进周边客户，确认客户反馈的真实性
2、了解与该公司的合作，是否可以绕过他，若不行，还是必须解决。可以请同事交叉
3、还可以联系关系较好的，离职的联系人，他们往往更愿意多说些"
销售-客户开发,若客户约12:15来公司拜访，或者这时候，我们拜访客户时，在客情关系维护方面，我们可以做些什么？,"1、我们拜访客户可以带份点心、咖啡给客户
2、客户中午午休过来拜访，我们可以请客户吃个简餐"
销售-客户开发,合作不仅局限于客户，当我们有机会获得客户会议供应商、设备供应商的联系方式时，我们可以做些什么？,"1、当组同为一家客户提供服务时也可以与供应商多聊聊
2、多方面了解客户公司内部情况，结合自已了解客户公司情况，了解客户公司组织架构，对客户公司进一步开发（例如找出与我们业务合作少的其他部门和负责人）
3、了解供应商的其他客户情况，是否有该供应商业务不重合，我们可以提供服务"
销售-客户开发,当联系曾经有合作的联系人，而联系人说现在由国外总部统一翻译时，我们该如何推进？,"1、了解客户对国外翻译的满意度
2、若客户对国外翻译不满意，询问是否可以通过其他方式继续合作
3、联系该客户公司其他联系人，了解是否确实国外总部统一翻译，还是有其他供应商
4、向客户推其他产品
5、请客户转介绍"
销售-客户开发,采购直接发布招标邮件，我们投标前需要做什么？,"1、仔细看招标内容，有不明白的应询问采购，避免由于投标方法和内容错误，造成投标失败
2、询问采购部门项目是哪个部门需要的，有部门了可以联系部门，若不告诉哪个部门的需求，我们需要找出用户部门
3、联系该客户公司不同业务部门的联系人，找到需求部门
4、从需求部门没有内线的发展内线，已有内线的，了解其他供应商情况，增加投标成功率"
销售-客户开发,当遇到采购没有决策权，业务部门直接可以下单，那采购部门我们是否还需要跟进？可以做哪些工作？,"1、即使采购没有决策权，也要介绍我们公司的优势，加深印象
2、不定期的给采购发送邮件，加深对我们的认可
3、电话微信不定期持续跟进，联络感情，请客户帮忙推荐，了解客户公司所有项目的情况
4、通过采购可以了解客户公司的组织架构，便于我们下步开发"
销售-客户开发,当客户推荐了采购，但我们联系采购时，该采购说没有需求，我们如何跟进？,"1、判断该采购是否是负责翻译业务的采购
2、可以说用户部门推荐说有需求的，让我们联系采购的
3、了解客户公司决策流程，各部门的翻译需求无论金额大小是否必须通过采购，还是直接安排供应商就要以了
4、如果不需要通过采购可以直接下单，我们需要联系直接的需求部门"
销售-客户开发,当客户提出要求签订长期协议时，我们要注意了解哪些信息？,"1、了解客户签长期协议的目的
2、是否是要求长期折扣价格
3、延长付款周期
4、年翻译量，频率
5、哪些部门需要翻译
6、签了长期协议后，操作流程
7、是排他协议吗？其他对手有吗，具体情况"
销售-客户开发,"群发客户回复邮件，询问价格或公司情况,但无其他联系方式,我们一直接系不上,怎么办?","1、坚持发送不同内容邮件，频率保持1-2天1次
2、发送的邮件中，留下自已的手机和微信二维码，请客户添加微信或手机联系"
销售-客户开发,当遇到客户要求帮忙下载视频时，我们可以做什么业务推广？,"1、了解客户视频用途
2、向给客户推荐我们的视频译制业务
3、给客户介绍我们的成功案例，发送视频案例
4、询问客户需求时间，为合作做准备"
销售-客户开发,开发企业传播部/市场部新联系人时，我们需要在电话中了解和推介自己什么内容,"1、我们为哪些同行的企业传播部/市场部提供服务
2、我们业务范围广，可以提供不同业务的一体化服务
2、与他们公司的合作历史
3、目前他们的供应商，合作满意情况
4、会有哪些服务需要
5、需求量多少"
销售-客户开发,当了解到客户展会样本消耗慢时，我们还可以推荐什么业务？,"1、样本消耗慢，说明客户展台不大，可以向客户推荐展台搭建，了解客户展台面积，之前的费用，给客户做推荐
2、推广商务礼品，了解客户是否有需要，大概价位，品类
3、推广海报、易拉保、无纺布袋"
销售-客户开发,拜访客户时，客户将我们带到工作区域，而不是会议室时，我们可以做哪些进一步开发工作？,"1、主动和客户旁边的同事打招呼，递送名片
2、介绍公司优势和合作历史
3、尽力找到主管经理进行沟通
4、询问客户公司的样本或翻译相关的已有的参考资料，能拿的就问客户要（方便整理词汇或翻译时参考）"
销售-客户开发,重点商机跟进拜访时，我们应该安排几名销售，做好哪些准备？,"1、重点商机跟进陪同拜访很重要，至少2-3名销售一起拜访，客户有3个人，我们如果只去1个，就显得气势就弱了
2、拜访前相关销售一起开会：
1）落实准备好案例资料
2）明确拜访达成目的
3）每个销售的分工明确，有介绍，有提问，有案例介绍
3、拜访前，尽量预约足够多的客户联系人，一次逐个见面或部分一起见面"
销售-客户开发,总机一直无人接听，怎么办？,"1）查客户公司官网
2）联系客户公司联系人时，直接问客户联系人
3）企业微信-CRM应用-查客户公司"
销售-客户开发,客户在微信中推荐新的联系人时，我们可以有哪些操作方法？,"1、请客户直接拉群
2、请客户将我们的企业微信名片发给朋友
3、了解客户与推荐的联系人关系，是同公司还是朋友
4、问清部门、姓名和电话/邮件等信息，大概需要哪方面的服务
5、尽量自已联系客户推荐的联系人，而不是被动等待（如等客户转发邮件）"
销售-客户开发,电话联系时了解到联系人已离职，我们可以做哪些工作继续开发？,"1、问清楚接替人
2、问此人原公司的需求情况，组织结构，便于后期原公司的开发
3、了解联系人现在就职公司，根据新公司行业针对性做案例介绍
4、添加该联系人微信，新公司邮箱，避免后期断连"
销售-客户开发,新客户建商机前需要做哪些工作？便于在合同签约后，能顺利的在ERP中录入销售合同,"1、客户公司信息了解完整，公司名全名、地址、联系电话、联系人中文全名、手机、开票信息等信息
2、新建客户公司，新建联系人，将上述信息完整录入系统"
销售-客户开发,遇到经常让我们报价（2次以上），但又不给我们做的客户，我们怎么办？,"1、了解客户决策人，决策流程
2、了解客户没有选择我们的根本原因
3、了解选择其他供应商的原因，如果我们可以做的，满足客户的要求
4、向客户阐述多个供应商对他的好处
5、若客户仍不给我们，和客户直说：一直让我们参与比价，我们和其他供应商能做到一样的情况下，仍不选择我们，我也很难向公司交待，如果一直不能合作，只是参与比价的话，我们也不能再提供报价了"
销售-客户开发,当收到客户电话/邮件，说不需要服务后，我们应该如何做丢单后跟进？,"收到丢单信息，应立即跟进
1、了解客户不需要服务的具体原因
2、若是价格原因，了解相差多少
3、若价格在可控范围内，给客户讲我们质量优势，并告诉客户马上向经理申请折扣，请给我们服务机会"
销售-客户开发,国企新客户，若需要设计和印刷服务，但要求制版和印刷合同分开，我们该如何跟进？,"1、了解客户最终印刷品需要完成时间，从时间紧，国企审批合同慢的角度，建议客户设计和印刷一起审批
2、这样设计完成就可以印刷，不需要再走合同流程"
销售-客户开发,当客户要文言文翻译时，我们该如何跟进？,"1、告诉客户我们可以安排外籍华人翻译，老外校稿，从老外的角度以看得懂情况下翻译
2、体现翻译难度，为价格提高做准备
3、降低客户期望值，即使翻译出来，老外也可能无法了解其中韵味"
销售-客户开发,当客户有样册翻译需求时，我们如何进一步推荐印刷服务？,"1、询问客户新版是否需要印刷
2、了解客户之前是如何解决印刷的，量、供应商情况等（商机7问）
3、请客户提供之前印刷的样本，给我们参考
4、根据客户给我们的样本，找同行业或类似的样本，发给客户看
5、体现我们一体化服务优势
6、了解客户此次印刷时间、量、决策人、预算等
7、请客户与我们合作"
销售-客户开发,当客户询问需要要排版服务，我们可以做哪些开发工作,"1、询问客户需要排版还是制版
2、了解客户喜欢的风格，可以发一些同行业，或知名外企的样本给客户看
3、询问客户制版后，用途
4、给客户讲制作印刷一体化的优势
5、了解客户的预算、应用背景、决策人、时间
6、给客户推荐我们的印刷服务
7、请客户给我们合作机会"
销售-客户开发,遇到国企客户，有公司简介设计印刷和笔记本订制需求时，拜访时我们需要注意事项？,"1）多方领导沟通，需要把决策人，影响人，使用人的关系搞清楚，预算，时间
2）了解样本和笔记本分别需要哪些内容确认，当面沟通，回来后再整理发给客户，便于她与领导汇报，可以继续下步工作
3）问客户要之前的样本，和他们领导喜欢的样本，带回公司为后期的设计提供参考"
销售-客户开发,长期客户，当采购要续签长期协议要打折时，我们如何处理,"1）长期协议本来就已按折扣处理
2）分析近期合作，金额小，无法再打折
3）如果遇到大项目可以单独项目折扣处理
4）告诉客户之前哪些合作部门翻译哪些资料较多，让采购参与去跟进一下这些部门的需求
5）从采购处了解近期会有什么方面的翻译需求
6）了解去年的消费情况，竞争对手的情况，哪些部门不找我们，对应的负责人"
销售-客户开发,收到群发邮件、或扫描微信，联系我们的有需求的新客户，跟进流程是？,"1）了解来源
2）此次需求具体情况，内容，页数，时间等
3）针对客户需求穿插成功案例
4）添加微信，落实公司名
5）添加微信发送公司简介
6）发名片，请客户提供名片
6）让客户将资料发过来
7）企查查了解客户公司情况
8）分析客户稿件，提供报价、交稿时间，注意付款时间
9）了解有无竞争对手，消费经验"
销售-客户开发,通过曾经合作过的联系人，找出现在负责的采购是哪一位,"1）先了解近期没有需求的原因
2）其他部门需求情况
3）采购负责人现在是谁，报了几个系统里有的，客户说不对，问现在是谁负责"
销售-客户开发,"商机7问,请写出加人的话术
","顺带麻烦问一下,我们以前还和什么部门的某某同事合作的,她/他现在还在职吗?现在是哪位同事在接替他/她的工作啊? 
想问一下现在是谁负责翻译和印刷这块呢? 

一般市场部、采购部或行政部也会有这方面的需要,请问还有什么部门或同事有这方面的需要?谢谢推荐啦!"""
销售-客户开发,"商机7问,请写出询问将来情况的话术
","近期有什么需求?
大概关于什么方面的?
大概何时会需要?
大概的量?
谁负责?"
销售-客户开发,"商机7问,请写出询问对手情况的话术
","你们是自己翻呢还是找专门的翻译公司？
合作下来感觉还有那些地方有待提高的？

现有供应商几家？合作多久了？和您合作的是设计公司还是印刷厂啊？合作的怎么样？
（找出突破口：速度，质量，服务)"
销售-客户开发,"商机7问,请写出若客户有翻译和印刷需求的情况下,询问了解过去情况的话术

","笔译：过去半年或1年内你们是如何解决的（自己翻译还是找翻译公司？） 最近1次大概是怎样的？一般大概多久会有一次啊？一般一次有多少量呢？是哪位在负责啊？


印刷：最近半年内有多少种样本做过印刷？每种样本一般多少页？关于什么方面的样本？一次印刷多少份？彩色还是黑白的？
上一次的量？价格？页数？"
销售-客户开发,"商机7问，请写出询问应用背景（判断可行性，重要性）的话术

","请问翻译好或印刷好之后是用在什么地方的?
哪个部门使用的?
时间上有什么要求?
有什么特殊要求吗?"
销售-客户开发,"商机7问,请写出若客户有翻译和印刷需求的情况下,分别询问具体需求的话术","翻译：是哪个语种，关于什么方面的？你们一般什么情况下会有这方面的需求？质量要求到什么程度？（我们提供不同层次的服务，我们还能提供母语翻译，一般情况下是国内译员）

印刷：需要印刷什么方面的样本？大概多少页？印刷多少份？"
销售-客户开发,"商机7问，请写出询问谁需要（分清决策者、影响者、使用者）的话术

","这块业务是跟您联系吗?是哪位在负责呢?
一般哪几个部门翻译和印刷需求多一点,谁来决定用哪家供应商的?最终是给谁或哪个部门使用的?"
销售-客户开发,"知名客户-长期合作,详细话术
","服务的客户大多数都是世界500强的外企,
其中70%以上都是长期客户,像3M、拜耳、阿尔斯通、住友等等,很多公司都和我们合作快20年了,他们选择我们,就是因为我们能在质量上满足他们的要求,另外交稿时间也快"
销售-客户开发,"管理层-办公地,详细话术
","我们的高层管理都是交大毕业的,博士和留美MBA专业人士管理,共有专职员工100多名,其中30名是资深专业翻译人员。在公司规模、管理经验、质量控制体系上都是行业内领先的。

办公地点也在徐家汇核心商圈的5A商务楼中。欢迎您随时来我们公司参观,可以直接感受一下我们与其他同类公司的不同。"
销售-客户开发,"擅长技术-源于交大-ERP-词库句库-译员团队,详细话术","其实我们公司最擅长的就是各种技术资料的翻译,
主要是我们源于交大的嘛,像我们这边90%笔译都是技术类的。
04年开始我们公司就自主研发并上线了ERP管理系统,17年来,始终是行业里是最先进的。而且我们的ERP系统,对整个流程的品质管理非常精细化的。

现在系统里已经累积了几十亿的句库和300+万条以上的专业词汇。所以您放心,我们非常有经验的!
另外,我们也有非常强的译员团队,尤其是你这个行业的译员团队更是非常厉害的。"
销售-客户开发,"97年成立-主营-第1-知名客户-满足客户,详细话术
","我们公司是1997年成立的,
主要是为外资企业提供资料翻译和样本印刷、以及多媒体译制、网站汉化服务的。
尤其在翻译行业,我们目前是上海排名第1的专业翻译公司,
你们行业的绝大多数公司都是我们的客户,很多人与我们公司合作20年了。像3M、拜耳、阿尔斯通、住友等等都和我们合作超过20年了。
这么多年来,他们选择我们,就是因为我们能在很多领域的质量上都能满足他们的要求,另外交稿时间也快。"
销售-客户开发,"启发需求,针对季刊的案例话术
","现在像您这样的外企,很多都会有公司季刊发放给员工或者赠送给客户,像我们合作的德国的柯尔柏,英国的斯派莎克,日本的富士电机,他们每个季度都做季刊,反馈效果都很好
您公司是否有类似的季刊?是哪个部门负责的呢?她贵姓呀?您能帮忙引荐一下吗?"
销售-客户开发,"启发需求,针对网站的汉化的案例话术
","许多跨国公司的网站,像GE呀、日本富士电机呀,本来是英文或日文的网站,现在面对中国客户,都需要做成中文的,那这些网站的汉化工作都是我们做的,还有很多新进入中国的外企
另外像汇丰银行的网上银行系统的本地化项目也是我们做的"
销售-客户开发,"启发需求,针对视频译制的案例话术
","1）企业宣传:很多客户英文的企业宣传片、产品展示视频,都是我们翻译后,帮她们配音配字幕,然后用于展览会上循环播放,或她们企业微信公众号、视频号的发布,效果都很好的。
尤其是疫情以来,都在往线上转,这方面的需求非常大
我们最近刚为世界注塑行业的最知名的HUSKY公司译制了很多的公司产品的介绍视频,在中国注塑展上使用,反馈效果也极好。


2）企业培训:另外在员工培训、供应商培训,我们也做了大量的视频译制,视频的方式能大大减少培训成本。
比如近期我们的客户欧莱雅和3M公司,她们的产品种类特别多,她们的视频营销特别厉害,很多很多视频,当然这些视频的译制都是我们做的"
销售-客户开发,"启发需求,针对口译的案例话术
","现在像您这样的外企,平时应该会用到口译吧。我们前段时间刚为可口可乐公司培训提供了交传口译服务,他们国外同事来中国做销售培训,全程3天的培训口译都是我们提供的,反馈非常不错。德国化工巨头拜耳公司他们全球总裁只要来中国,全程的陪同口译都是我们提供的,甚至会见发改委的领导,电视台访问,新闻发布会的同传都是由我们提供的。

现在也快接近年底了,很多公司都会开年会,像医药行业的BD公司连续4年年会的同传都是由我们提供的,从1000多人的同传设备及同传口译都是我们提供服务的。"
销售-客户开发,"启发需求,针对展会翻译和印刷的案例话术
","像巴斯夫、拜耳、陶氏他们每年都会参加全球最大的化工展览会Chinaplus,他们会使用到几十种不同的样本,这些都是由我们公司提供翻译和印刷服务的

您是否也有样本需要翻译或印刷呢?您公司每年会参加几次展览会?展览会上用的样本是哪个部门负责的?负责人她贵姓呀?您能帮忙引荐一下吗?"
销售-客户开发,"启发需求,针对技术资料,招投标资料的案例话术
","我们刚在1周内为法国的阿尔斯通完成了一大批招投标资料的翻译,客户对我们的质量和交货速度非常满意

您公司是否也会参加招投标的项目,如果遇到资料需要翻译,是哪个部门负责的呢?她贵姓呀?您能帮忙引荐一下吗?"
销售-客户开发,"启发需求,针对市场部/公关部的案例话术
","比如化工行业知名的巴斯夫、拜耳,他们市场部所有的资料翻译、样本印刷、会议的同传,甚至他们全球总裁来中国会见发改委的领导,全程陪同口译,都是我们做的

另外他们的行政部,技术部,还有采购部也都是我们提供服务的

您公司也会有类似的需求吗?您公司市场部应该也有这方面的需求吧?大概是哪位同事负责的?她贵姓呀?您能帮忙引荐一下吗?"
销售-客户开发,"跟客户电话沟通时,客户说最近有需要,请罗列问清商机7问的话术","这块业务是您负责吗?还是其他人负责呀?
是什么时间需要?要求多久完成?哪种语言?哪方面的内容呀?需要的量有多少呀?
翻译好/印刷好之后是用在什么地方的?哪个部门使用的?内容/排版上有什么特殊要求吗?
之前有和其他供应商合作吗?哪些方面我们需要格外注意呢?
您公司在这个项目上的预算是多少?是各个部门独立负责还是公司某个部门统一负责?"
销售-客户开发,"开发客户时,遇到客户反馈说我们以前的中译英翻译不到位,我们该如何应答?","以前我们对所有的客户都提供相同档次的翻译服务,所以会出现这种现象。

现在,ERP系统对译员实行分级管理,不同水准的译员提供不同水准的服务,尤其现在有很多高端客户,我们可以直接提供母语翻译服务,比如质量要求高的中译英稿件,我们是直接用会中文的外籍译员翻译的,很多客户觉得翻译出来的英文非常地道,对我们提供的高端服务非常满意的,这也是一般的小公司很难做到的

您好,非常感谢您刚才的反馈,我也记录下来了,也会在以后的合作中更加注意的

不知道您近期有翻译或印刷方面的需求吗?大概是什么内容?时间是?"
销售-客户开发,"电话沟通时,客户说已经有合作好多年的供应商了,不更换的,我们应该如何回答?","这个没有关系呀,因为我们公司是上海规模最大,市场份额第一的,成立25年的时间,很多世界500强外企都是我们的长期客户,你们行业的绝大多数公司基本都是我们的客户

而且一家公司有2家甚至3家都很正常,不同的部门有不同的需求,我们不管是质量还是速度,肯定是比其他供应商性价比高,而且我们合作的都是知名的大公司,我相信这么多客户肯定也试过很多家供应商,觉得我们还不错,所以才长期合作的。

多1个供应商其实对您才是最好的。这样您可以有比较,选择质量好交稿及时的。

遇到项目时间特别紧急的时候,一家来不及,临时找1家对您资料不熟悉,质量不一定能达到你的要求的,而且我们还能提供从翻译到印刷一体化的服务,视频译制也是我们擅长的,增加我们1家供应商可以解决您很多需求的。

我们服务的也都世界500强的外企,他们也会有多个供应商,因为我们质量保证交稿及时,所以客户一般都选择我们会更多一些。"
销售-客户开发,"电话沟通时,客户说他们工厂在外地,他们只和当地供应商合作,我们应该如何回答?","现在没有地区差别的,尤其是翻译,都是邮件往来,很方便的,即使快递也第2天就到。

您放心,我们公司成立20多年了,已经是目前上海规模最大的翻译公司,质量也是最好的。我们服务都是世界500强的外企,他们在美国、欧洲的公司也是找我们的

您可以先给我们一些小单做,看看我们的质量跟你现在的供应商比是不是我们更有优势"
销售-客户开发,约访客户，请给出3种说法,"1)你好，我正好到你们公司来见下其他部门的同事，到时候顺便来见下你，你看方便嘛。
2)我正好在你公司附近，有时间吗我正好上来见下你。
3)请问你明天有空吗，我把我们公司的资料，样本还有点礼品什么的给你送过来，您方便嘛。
4)您好，这次翻译的东西完成了，您明天有空吗，我顺便过来把稿件（发票）给你吧，也和你碰个头。
5)你好，你们公司我和其他部门一直有业务来往，而且三天两头往你们公司跑的，你们那的同事我都很熟，今天我正好要过来，顺便见见你，你看有空吗？"
销售-口译-商机跟进,由于我方原因要更换原定的口译人员，如何与客户解释,"由于我方原因要更换原定的口译人员。
1)钱总，那个本来您挑选的翻译，真的这次很不巧，她生病了，那我觉得这样的话，如果他带病去工作呢，也是可以的，但我觉得会影响你整个口译的一个过程，那你看要不我再帮你换一个跟他同等级别的翻译，我帮你换，你看可以吗？
2)我发现我们翻译跟我说的他好像身体不大好，我觉得可能这样会影响点效果，但是不换呢也可以，你觉得呢？因为我是对整个项目的执行结果要负责的，我对你要负责的，你把这个时间委托我，我要负责的，但是我发现可能有点问题，你看，是不是，我帮你去找一个更好的，或者比他级别高一点的，能够去把这个场子去解决下来的。你看好吧。"
销售-口译-商机跟进,"按下列提示的内容，阐述我们将如何保证口译的质量

1)谢谢你对我们公司的支持，

2)一般来说，我们做的这种也很多，

3)当然其实当然希望你能

4)您好，我们这边这样的会做的很多的，

5)这个会议之前，你们前几年有吗，","1)谢谢你对我们公司的支持，口译合同，我们这边已经收到了，我这边因为也做口译蛮多次的嘛，我这边口译经验也蛮丰富的，所以想根据你上次提到的技术类型的研讨会，我觉得，如果能保证你这次整个会议整个进程会比较好，比较顺的情况，不知道你这边有没有一些会议方面的PPT的文件，或参考资料。这样我会提前发给到我们的翻译人员，让他事先做好准备，这样我觉得会更好一些。
2）一般来说，我们做的这种也很多，有的会是有演讲的，有的会是问答环节，我不知道，你们这次会议，有问答环节吗？如果有问答环节，问答的问题，跟答案，你们之前有做过准备吗？如果有的话，那这些资料，能早点提供过来吗？如果准备好的话，能早点给我们吗？
3)当然其实当然希望你能尽可能多的提供资料给我们，格式都可以的，因为我们记得会议上肯定会大屏幕投影出来的。最好是英中对照的版本。一般会议上会有投影，投影的时候，最好做成中英对照的，减少翻译的工作压力。你们PPT做好中英对照的工作了吗？这方面的资料可以给我们吗？
4)您好，我们这边这样的会做的很多的，你们这个行业也做得很多的。但是其实每个行业的不同的公司，也会有一些词汇上小的一些偏差什么的，你这边这样的会上会有几个人会发言。他们的发言稿，你这边有没有准备，以我们的经验来说，很多以前大的公司，他们做研讨会，事先都会有一些演讲稿，包括他们事先写好的英文版，包括中文版让我们来翻译，那你这方面有没有这方面的准备。
5)这个会议之前，你们前几年有吗，是你这边负责吗？一般我们这种会议做得很多了，一般组织的好的话，主办方会提前把相关人的发言稿都收集到位，会做翻译，印刷，做成手册，同时会把这个资料给我们，让我们的翻译提前准备起来，这样，在会场上的效果会非常好，因为我们翻译对它非常熟悉。"
销售-口译-业务介绍,请列举3个医药行业的同传案例,"1、疫情期间爱德华公司亚太区年会在日本召开的，采用的Teams会议系统，虽然Teams没有同传功能，但我们非常有经验，通过3台设备转换，高质量的完成了会议的同传口译，在中国的员工都参加了，反馈非常好
2、礼来公司他们每年都会有不同国家的专家来做中国做PMA审核，连续多年都是我们提供的口译服务，而且每年的专家都是来自不同国家的，我们提供了西班牙语、俄语、日语等不同语种的口译服务，每次都是驻厂的连续工作1-2周左右时间，客户和专家都很满意
3、3M公司生物检测部门,所有与国外专业的研讨会都是由我们提供同传翻译服务,国内外专家反馈译员很专业,准备也非常充分.同时研讨会的相关笔译资料也都是由我们提供的"
销售-录音-印刷制版或翻译印刷一条龙,"为什么6P不能做骑马订，请阐述原因

要求：
1）要点尽量仔细，不遗漏，方便之后的口述练习
2）每个要点文字精简，几个字即可，能起到口述时提醒自己的作用即可
","必须4的倍数才能骑马钉装订
6P只能做成折页
6P是3折页,印刷后成品和样本样子是一样的"
销售-录音-印刷制版或翻译印刷一条龙,"客户只需要印刷300份时，但考虑到300份时的单价较高，如何给客户建议不同份数的阶梯报价的方案

要求：
1）要点尽量仔细，不遗漏，方便之后的口述练习
2）每个要点文字精简，几个字即可，能起到口述时提醒自己的作用即可

","印刷份数越多单价越便宜
500和1000份印刷总价相关不了多少,单价相差很多
建议给客户提供300/500/1000份阶梯报价"
销售-录音-印刷制版或翻译印刷一条龙,"如何向客户说明为什么样本的封面建议覆膜

要求：
1）要点尽量仔细，不遗漏，方便之后的口述练习
2）每个要点文字精简，几个字即可，能起到口述时提醒自己的作用即可
","常规情况下样本的封面封底会做单面覆膜,折页是正反面覆膜
防止擦色,防止爆边"
销售-录音-印刷制版或翻译印刷一条龙,"收到客户印刷需求和PDF文件后，在与客户进一步沟通时，需要了解哪些信息？

要求：
1）要点尽量仔细，不遗漏，方便之后的口述练习
2）每个要点文字精简，几个字即可，能起到口述时提醒自己的作用即可
","规格
纸张
颜色
页数
装订
后道
份数

以及以前的操作经验,对手有无,特殊要求和客户的看重点,本次的预算和决策流程,期望完成的日期"
销售-印刷-FAQ,客户要设计源文件怎么处理？,"1、询问需要源文件的原因
2、向客户推荐印刷服务，争取印刷定单（申请源文件的必要条件）
3、在合同明细里面，点击“申请制版软件给客户” ，进行系统申请，总经理批复后可发送给客户源文件
4、若客户最终是印刷用，但又不找我们，视情况对源文件进行处理"
销售-印刷-FAQ,印刷品交货到展会现场，我们需要注意哪些事项？,一般展馆很大，同时进场馆手续会比较复杂，我们需要事先与客户沟通好送货时间、地点和接货人，最好可以送货至易于签收的地点
销售-印刷-FAQ,当客户需要翻译、制作、印刷一体服务，我们完成翻译开始制版工作前，我们应提醒客户什么？,"1、请客户必务先确认翻译稿的WORD版文件
2、WORD文件可以便于修改，相同词汇的查找替换
3、有些客户不了解流程，没有确认翻译内容就制版，后期有些共性的内容修改，在制版软件中很难查找替换全，容易漏改"
销售-印刷-FAQ,介绍印刷业务的4个成功案例,"(1) 英国最知名的蒸汽专家斯派莎克公司和我们合作已有15年了，他们公司所有的笔记本、产品样本、公司样本、员工手册、操作表单等都是由我们提供印刷的。我们已累计为他们印刷了超过五十万册的资料。
(2) 巴斯夫和拜耳公司每年都会参加China Plus化工行业展览会，在展览会期间所使用的各类公司样本都是由我们提供印刷服务的，而且有很多的样本都是国外过来的，我们提供的是翻译、印刷一体化的服务。
(3) 英国、澳大利亚、瑞士等外国领事馆招商引资、投资指南项目也都是由我们提供从翻译到印刷一体化服务的。
(4) 富士电机公司产品样本、笔记本印刷"
销售-印刷-FAQ,"我们提供翻译印刷一体化服务,如何让客户省时、省心、省力","1）省时，翻译、图像和制版同步
2）省心，避免供应商推诿问题
3）省力，全程一名客户代表全程跟进"
销售-印刷-FAQ,翻译印刷一体化服务的主要优势,"1）擅长各类资料印刷，包括样本，单片，包装盒，甚至礼品上的丝网印刷或激光雕刻
2）提供翻译、制作、印刷一体化服务，快，省心省力，成本也控制的好
3）强大的印前制作能力，国内外常用的各类制版设计软件基本都行
4）经验丰富，客户群多，成功案例多"
销售-印刷-报价,样本内容完全一样，但尺寸不一样的制版，我们需要重新收费吗？,"1、常规情况下，尺寸不一样需要重新收费
2、和客户需要说明，因为是制版文件，尺寸不一样是需要重新制作的
3、如果客户比较计较，或者有供应商，可以请制作部的同事看一下，若可以等比缩放的，第2份可以申请减免一些费用。"
销售-印刷-报价,遇到非常规项目的设计印刷报价时，我们可以如何推进？,"1、找到一本合适的样本，做为范本
2、找到相应合适的供应商，请供应商报价
3、至少找3家供应商，若价格差不多的情况，说明基本准确；若差距很大要找到原因（以防我们自己报价不准）
4、一般供应商价格（供应商包含运费的开票价）*2的价格，是我们报给客户的标准价"
销售-印刷-商机跟进,客户有印刷需求时，希望我方提供方案和报价时，我们如何跟进？,"1、多介绍我司的优势，案例，我们能提供高品质有创意的印刷品的介绍，发送直观的视频、照片，企业微信营销案例等
2、一定不报价，先提供简单的方案，图片、文字信息不能太详细，防止客户拿着我们的方案去比价
3、了解客户的预算 ，决策流程，需要完成的时间
4、若客户的预算和需要的方案价格相差很远，同时客户不是很关注品质时，只选择低价供应商，我们要考虑可能不是目标客户，避免花费太长时间
5、项目总价高时，我们要组合拜访，并带好印刷样品
6、与客户沟通时，让客户多说，了解客户的要求、痛点、需求的特殊性/重要性，有针对性给客户解决方案

总之商机7问要搞清"
销售-印刷-商机跟进,台历笔记本套盒商机跟进，如果跟进？,"1、样例：询问客户要往年的样式图片或实物
2、过去：之前是如何解决的，过去的价格
3、特殊性：此次希望在哪方面提升
4、时间预算：此次希望完成时间和预算
5、决策流程：决策人，影响人，使用人
6、设计：是否需要重新设计，是否有特别要求
7、报价要素：了解报价基本需求，份数，样式尺寸，材质，彩页，P数，特殊工艺

总之商机7问要搞清"
销售-印刷-商机跟进,客户需要电子类礼品定制，我们需要了解哪些信息，再开始着手寻找合适的产品？,"1、客户需要电子产品的方向
2、制作数量
3、礼品使用时间
4、产品上是否打印或印刷，几个颜色，印什么内容
5、是否有运费
6、发票类型，税额
7、过去
总之商机7问要搞清"
销售-印刷-商机跟进,当我们收到客户赠送的笔记本，我们可以做什么开发，具体可以做哪些？,"收到客户赠送的笔记本，说明客户有笔记本印刷需要
1）找到负责笔记本印刷的部门
2）找到关键负责人
3）了解现有供应商情况，价格等
4）一般什么时候可以做
5）印刷量
6）发送我们的笔记本印刷案例，给客户提供更好，更新颖的方案（要能在方案上有更好的优势去吸引客户的）"
销售-印刷-商机跟进,当印刷客户嫌价格贵，除了降价外，我们还可以如何推进？,"1、可以通过改变印刷规格，来降低价格：
1）纸张：艺术纸改为普通亚粉纸、铜版纸；减少纸张克重；
2）页数：减少页数，空白页，或比较空的页面进行合并；
3）变更工艺：减少局部UV，例如每页的都有的情况，改为封面局部UV。为了保证质量，封面覆膜工艺不可减少

2、提升性价比
例如几百份的变成1000份，单价下来很多，总价差不多"
销售-印刷-商机跟进,从无到有的三折页设计工作，我们需要注意哪些事项？,"1、请客户提供之前的样例给我们参考
2、提供我们做过的3折页给客户参考
3、一定先把风格确定，再做1-2页给客户确认后，再继续设计下去
4、设计时需要特别注意三折页跨页内容，和折进去的内容，一定和客户确认好"
销售-印刷-商机跟进,客户设计合同因为无法知道确切页数，所以一直无法确认，我们怎么推进？,"1）请客户估算大概需要的页数
2）根据估算的页数先签合同
3）最终费用按实际涉及页数多退少补"
销售-印刷-商机跟进,"当客户询问印刷报价,我们问哪些问题,可以问清商机7问并报价?","(1) 具体是什么资料
(2) 能否提供电子版本文件，或是以前印刷过的样本
(3) 报价要素：规格、纸张、颜色、装订、数量、是否覆膜、有何其他后道加工要求
(4) 该印刷品的应用场合
(5) 印刷希望完成的时间
(6) 以前是否有其他供应商印刷过，国内还是国外，大概价格如何
(7) 对以前供应商的评价，优劣
(8) 此次预算
(9) 除了这份印刷品之外，该公司以前是否也有过其他的印刷需求，具体印过什么，印量
(10) 我会根据您的具体要求，回去帮您详细核算报价，并尽快给您"
销售-印刷-商机跟进,印刷服务从报价到最后付款的整个流程（包括ERP操作），按先后顺序,"登记采购需求
采购报价
跟盯客户达成合同签单
ERP中输入合同
生产部制版
给客户PDF文件确认
数码打样
与客户确认打样稿
大货印刷
供应商交货至公司
销售验货
销售发货
客户当场签收
开票付款"
销售-印刷-商机跟进,设计合同签约前，客户不放心设计质量，我们如何说服客户,"1)找对真正的核心决策人，问清楚他到底是怎么想的
2)签单前先拿下单子，签单后问他要之前做过的样本和资料。如果客户没有，我们就提供几种样本给他参考，我们做过的大的公司的，漂亮的样本给他看，不管是你设计的还是展览会上拿回来的，一定要是漂亮的。
3)设计时，不应该从头做到尾，先设计封面，内页设计1-2P，风格尽量copy。设计师眼光一定要锐利。设计的样本要看得多，要发现细节上的不同。
4)客户要求设计几个风格看看，只需提供一到两个版本给他看就行了。必要时带客户来公司与设计师沟通，销售服务要到位，设计师提供图册给客户参考。让客户了解设计本来就是头疼的，目的是快点让客户选定下来。
5)另外，印刷之前一定要签样，确定职责。"
销售-质量控制,笔译的出稿检查，需要检查哪些细节？,"1 对照词汇单，尤其客户改过的词汇是否都改了
2 外译中，是否存在翻译语句不通顺
3、是否有漏译
4、公司名，品牌品是否准确
5、文件的排版格式是否基本准确
6、下稿时的要求，例如去底色，对照交稿，是否做到"
销售-质量控制,客户制版的出稿检查，需要检查哪些细节？,"1、制版完成稿和原稿对比，格式是否准确
2、客户提出的特殊要求，是否有完成
3、特别注意客户公司Logo是否准确，图片、表格是否清晰
4、尤其是封面和封底的文字，地址电话，公司名称，样本名称，客户logo等信息的准确
5、图片、色条、色块、线条若有跨页，需注意不要有断裂错位"
销售-质量控制,之前有质量投诉的客户再次有合同时，我们在ERP下单的过程中，需要如何提醒翻译部引起重视？,"1、流程单上注明上次不满意的编号，客户不满意的点有哪些
2、电话交待译助，引起重视
3、出稿检查时，自己要看对生产部提出的这些要求是否已满足，询问生产部译助，是否有把握"
销售-质量控制,客户对翻译质量不满意，我们该如何处理？,"1、电话了解客户不满意原因
2、客户具体不满意是语句还词汇
3、询问客户是否有1、2页的修改反馈，或相关参考稿，可以给我们参考
4、系统建投诉退改，上传电话录音，便于翻译了解客户具体要求
5、若遇到中译英客户不满意的，客户反馈又无法完整传达的情况，可以拉群或与客户约时间让翻译电话沟通"
销售-质量控制,当客户要我们翻译视频资料，但只提供视频资料的文字脚本，我们该如何操作，避免翻译质量不满意？,"1、请客户提供文字角本对应的视频
2、下稿时，视频做为参考稿提供给译员
3、ERP合同对内要求里写清楚：
1）视频角本翻译，视频在参考中，请翻译时看视频便于理解
2）视频角本请注意语句，调整请句前后顺序，通顺且符合中文阅读习惯"
销售-质量控制,"为了提升翻译质量,我们可以请客户提供哪些类型的参考稿","客户公司印刷成册的样本
客户的专业词汇清单
之前译稿的客户修改定稿文件"
销售-质量控制,"我们如何向客户介绍，笔译质量控制优势
要求：
1）要点尽量仔细，不遗漏，方便之后的口述练习
2）每个要点文字精简，几个字即可，能起到口述时提醒自己的作用即可","1）计算机预处理和AI质检
2）AI派件
3）质量排名
4) 译、校、审三轮标准环节控制
5) 与其他小规模公司比较,我们质量可靠"
销售-质量控制,收到客户反馈，说翻译的质量有问题，需要退改，我们接下来打过去电话，在电话中应该如何说,"1）那这样，我这边也不好意思，现在我这边也马上安排我们翻译去退改一下。因为我看了一下这份东西，包括邮件上面列出的几个问题。那我大致也知道了一下你的期望是怎么样子的。我们跟你们公司合作了那么长时间了。也是有固定的译员在做的。这份稿子出了问题，有可能这份稿子的专业和以前不太一样，我们译助安排译员的时候还是安排原来的那些固定的翻译，没有根据稿件专业不同更换，所以出现了些这个问题。我马上会根据您这份稿件的专业再找更对口、更资深的翻译，再从头到尾仔细校对，再提交给您。

2）有可能我们译助安排的翻译出现了偏差，没关系，我们都是由ERP系统管理的，所有流程系统里都有记录的，我马上去查一下，如果确实不是固定译员翻译的，我让他们马上安排原来给您做的固定译员对全文仔细重新校对。尽快再提交给你

3）我会让翻译马上把专业词汇清单列出来，到时候会给你一个中英对照版。会把我们的翻法和原文的翻法都列在上面。那麻烦您那边不妥的地方再指正一下，我们再进行全文修改。这个词汇清单我们自己也会做个备案。以后的话专业词汇方面就不会有什么问题了。

4）那可能是我这边工作没有做好，我应该多到您这边，过来主动沟通一下。上次我看到您桌子上还有些其他的参考文件，您上次说要给到我的，我也没主动过来取一下。是不是这些参考文件，我可以过来取一下，还是您邮件发给我，也是可以的。

5）谢谢您刚刚跟我沟通那么多，那您这边要求，我这里也基本上清晰了，希望我们做到什么程度我也了解了。那我之后会马上安排我们公司资深的和您公司合作的翻译人员去从头到尾过一遍，然后改完之后呢，麻烦您这里过目一下。如果有做的偏颇的地方，可以随时和我这边沟通和联络。如果您方便的话，我们也可以随时到您公司来多走动一下。那多了解，我们的质量也会做的更好。"
